TCKRSYMB,XPRYDT,STRKPRIC,OPTNTP,OPNPRIC,HGHPRIC,LWPRIC,CLSPRIC,CHNGINOPNINTRST
NIFTY,29-DEC-2026,12000.0,PE,3.45,3.45,3.0,3.0,0.0
NIFTY,29-DEC-2026,13000.0,PE,0.0,0.0,0.0,4.85,0.0
NIFTY,29-DEC-2026,14000.0,PE,6.0,6.3,4.75,5.0,-715.0
NIFTY,29-DEC-2026,15000.0,CE,0.0,0.0,0.0,5977.65,0.0
NIFTY,29-DEC-2026,15000.0,PE,8.5,8.95,8.0,8.2,-1105.0
NIFTY,29-DEC-2026,16000.0,CE,0.0,0.0,0.0,6430.0,0.0
NIFTY,29-DEC-2026,16000.0,PE,10.5,11.5,10.25,10.9,3380.0
NIFTY,29-DEC-2026,16500.0,CE,0.0,0.0,0.0,10405.0,0.0
NIFTY,29-DEC-2026,16500.0,PE,13.75,13.75,13.75,13.75,0.0
NIFTY,29-DEC-2026,17000.0,PE,15.5,15.5,13.65,14.2,5265.0
NIFTY,29-DEC-2026,18000.0,CE,4966.05,4966.05,4832.2,4875.0,520.0
NIFTY,29-DEC-2026,18000.0,PE,21.95,21.95,19.35,20.05,48880.0
NIFTY,29-DEC-2026,19000.0,CE,3845.0,3960.0,3845.0,3928.95,2210.0
NIFTY,29-DEC-2026,19000.0,PE,33.95,33.95,27.5,28.15,89760.0
NIFTY,29-DEC-2026,19500.0,CE,0.0,0.0,0.0,7586.85,0.0
NIFTY,29-DEC-2026,19500.0,PE,45.0,45.0,36.65,37.1,-4290.0
NIFTY,29-DEC-2026,20000.0,CE,2849.85,3034.45,2849.85,2998.35,41015.0
NIFTY,29-DEC-2026,20000.0,PE,63.6,63.6,50.1,50.7,-43675.0
NIFTY,29-DEC-2026,20050.0,CE,0.0,0.0,0.0,2986.45,0.0
NIFTY,29-DEC-2026,20050.0,PE,46.5,50.05,46.5,50.05,1950.0
NIFTY,29-DEC-2026,20100.0,CE,0.0,0.0,0.0,2939.35,0.0
NIFTY,29-DEC-2026,20100.0,PE,0.0,0.0,0.0,28.7,0.0
NIFTY,29-DEC-2026,20150.0,CE,0.0,0.0,0.0,2892.45,0.0
NIFTY,29-DEC-2026,20150.0,PE,0.0,0.0,0.0,31.0,0.0
NIFTY,29-DEC-2026,20200.0,CE,0.0,0.0,0.0,2845.65,0.0
NIFTY,29-DEC-2026,20200.0,PE,0.0,0.0,0.0,32.5,0.0
NIFTY,29-DEC-2026,20250.0,CE,0.0,0.0,0.0,2799.0,0.0
NIFTY,29-DEC-2026,20250.0,PE,0.0,0.0,0.0,36.15,0.0
NIFTY,29-DEC-2026,20300.0,CE,0.0,0.0,0.0,2752.55,0.0
NIFTY,29-DEC-2026,20300.0,PE,0.0,0.0,0.0,38.95,0.0
NIFTY,29-DEC-2026,20350.0,CE,0.0,0.0,0.0,2706.3,0.0
NIFTY,29-DEC-2026,20350.0,PE,0.0,0.0,0.0,41.95,0.0
NIFTY,29-DEC-2026,20400.0,CE,0.0,0.0,0.0,2660.2,0.0
NIFTY,29-DEC-2026,20400.0,PE,0.0,0.0,0.0,45.15,0.0
NIFTY,29-DEC-2026,20450.0,CE,0.0,0.0,0.0,2614.3,0.0
NIFTY,29-DEC-2026,20450.0,PE,0.0,0.0,0.0,48.5,0.0
NIFTY,29-DEC-2026,20500.0,CE,0.0,0.0,0.0,2568.65,0.0
NIFTY,29-DEC-2026,20500.0,PE,79.85,79.85,63.0,64.75,35425.0
NIFTY,29-DEC-2026,20550.0,CE,0.0,0.0,0.0,2523.15,0.0
NIFTY,29-DEC-2026,20550.0,PE,0.0,0.0,0.0,55.9,0.0
NIFTY,29-DEC-2026,20600.0,CE,0.0,0.0,0.0,2477.9,0.0
NIFTY,29-DEC-2026,20600.0,PE,73.45,76.75,70.0,70.0,1560.0
NIFTY,29-DEC-2026,20650.0,CE,0.0,0.0,0.0,2432.9,0.0
NIFTY,29-DEC-2026,20650.0,PE,75.35,75.35,68.6,68.6,1040.0
NIFTY,29-DEC-2026,20700.0,CE,0.0,0.0,0.0,2388.15,0.0
NIFTY,29-DEC-2026,20700.0,PE,77.7,80.05,73.25,73.4,1300.0
NIFTY,29-DEC-2026,20750.0,CE,0.0,0.0,0.0,2343.6,0.0
NIFTY,29-DEC-2026,20750.0,PE,80.15,81.95,70.75,74.8,1820.0
NIFTY,29-DEC-2026,20800.0,CE,0.0,0.0,0.0,2299.35,0.0
NIFTY,29-DEC-2026,20800.0,PE,90.95,90.95,70.95,70.95,910.0
NIFTY,29-DEC-2026,20850.0,CE,0.0,0.0,0.0,2255.35,0.0
NIFTY,29-DEC-2026,20850.0,PE,0.0,0.0,0.0,105.9,0.0
NIFTY,29-DEC-2026,20900.0,CE,0.0,0.0,0.0,2211.65,0.0
NIFTY,29-DEC-2026,20900.0,PE,0.0,0.0,0.0,109.05,0.0
NIFTY,29-DEC-2026,20950.0,CE,0.0,0.0,0.0,2168.25,0.0
NIFTY,29-DEC-2026,20950.0,PE,103.55,103.55,89.65,90.25,780.0
NIFTY,29-DEC-2026,21000.0,CE,1951.0,2095.0,1943.9,2056.9,12025.0
NIFTY,29-DEC-2026,21000.0,PE,119.25,119.25,89.2,90.6,5660.0
NIFTY,29-DEC-2026,21050.0,CE,0.0,0.0,0.0,2082.3,0.0
NIFTY,29-DEC-2026,21050.0,PE,102.0,102.0,96.45,96.45,455.0
NIFTY,29-DEC-2026,21100.0,CE,0.0,0.0,0.0,2039.8,0.0
NIFTY,29-DEC-2026,21100.0,PE,116.2,116.2,95.05,97.2,260.0
NIFTY,29-DEC-2026,21150.0,CE,0.0,0.0,0.0,1997.6,0.0
NIFTY,29-DEC-2026,21150.0,PE,122.25,124.15,95.8,100.5,1755.0
NIFTY,29-DEC-2026,21200.0,CE,0.0,0.0,0.0,1955.8,0.0
NIFTY,29-DEC-2026,21200.0,PE,131.0,131.0,102.1,103.5,4030.0
NIFTY,29-DEC-2026,21250.0,CE,0.0,0.0,0.0,1687.1,0.0
NIFTY,29-DEC-2026,21250.0,PE,142.5,142.5,109.8,109.8,1300.0
NIFTY,29-DEC-2026,21300.0,CE,0.0,0.0,0.0,1500.55,0.0
NIFTY,29-DEC-2026,21300.0,PE,143.4,143.4,112.05,113.45,1235.0
NIFTY,29-DEC-2026,21350.0,CE,0.0,0.0,0.0,1457.1,0.0
NIFTY,29-DEC-2026,21350.0,PE,143.3,143.3,118.95,119.0,520.0
NIFTY,29-DEC-2026,21400.0,CE,0.0,0.0,0.0,1516.0,0.0
NIFTY,29-DEC-2026,21400.0,PE,134.0,134.0,121.6,123.05,1170.0
NIFTY,29-DEC-2026,21450.0,CE,0.0,0.0,0.0,1498.7,0.0
NIFTY,29-DEC-2026,21450.0,PE,142.0,142.0,128.5,131.8,-2600.0
NIFTY,29-DEC-2026,21500.0,CE,1510.4,1616.8,1504.1,1616.8,130.0
NIFTY,29-DEC-2026,21500.0,PE,165.15,167.35,129.85,132.55,-23205.0
NIFTY,29-DEC-2026,21550.0,CE,0.0,0.0,0.0,1488.15,0.0
NIFTY,29-DEC-2026,21550.0,PE,147.2,150.3,140.1,143.1,-1430.0
NIFTY,29-DEC-2026,21600.0,CE,0.0,0.0,0.0,1398.25,0.0
NIFTY,29-DEC-2026,21600.0,PE,175.0,177.65,142.45,144.15,4940.0
NIFTY,29-DEC-2026,21650.0,CE,0.0,0.0,0.0,1362.15,0.0
NIFTY,29-DEC-2026,21650.0,PE,0.0,0.0,0.0,197.45,0.0
NIFTY,29-DEC-2026,21700.0,CE,1345.6,1447.4,1345.6,1447.4,650.0
NIFTY,29-DEC-2026,21700.0,PE,202.0,202.0,155.95,158.55,7605.0
NIFTY,29-DEC-2026,21750.0,CE,1400.0,1417.6,1400.0,1417.6,-715.0
NIFTY,29-DEC-2026,21750.0,PE,203.3,203.3,164.95,165.0,2340.0
NIFTY,29-DEC-2026,21800.0,CE,1304.75,1360.05,1304.75,1349.85,195.0
NIFTY,29-DEC-2026,21800.0,PE,205.8,210.4,166.95,170.1,9425.0
NIFTY,29-DEC-2026,21850.0,CE,1276.55,1330.05,1276.55,1323.5,1170.0
NIFTY,29-DEC-2026,21850.0,PE,216.65,221.15,179.6,181.25,715.0
NIFTY,29-DEC-2026,21900.0,CE,1269.75,1277.0,1269.75,1277.0,195.0
NIFTY,29-DEC-2026,21900.0,PE,233.35,233.35,184.25,188.3,8125.0
NIFTY,29-DEC-2026,21950.0,CE,1253.95,1253.95,1244.9,1244.9,390.0
NIFTY,29-DEC-2026,21950.0,PE,202.0,202.25,197.2,197.2,-260.0
NIFTY,29-DEC-2026,22000.0,CE,1083.65,1237.35,1083.6,1204.45,42445.0
NIFTY,29-DEC-2026,22000.0,PE,256.75,262.5,203.45,207.8,24620.0
NIFTY,29-DEC-2026,22050.0,CE,1090.35,1102.1,1090.35,1102.1,65.0
NIFTY,29-DEC-2026,22050.0,PE,259.55,259.55,214.3,216.05,455.0
NIFTY,29-DEC-2026,22100.0,CE,1086.5,1086.5,1086.5,1086.5,195.0
NIFTY,29-DEC-2026,22100.0,PE,273.4,274.4,223.05,224.7,780.0
NIFTY,29-DEC-2026,22150.0,CE,0.0,0.0,0.0,865.35,0.0
NIFTY,29-DEC-2026,22150.0,PE,282.0,282.0,230.0,232.05,910.0
NIFTY,29-DEC-2026,22200.0,CE,991.15,1062.25,991.15,1054.6,455.0
NIFTY,29-DEC-2026,22200.0,PE,302.6,303.7,242.55,246.25,585.0
NIFTY,29-DEC-2026,22250.0,CE,0.0,0.0,0.0,955.0,0.0
NIFTY,29-DEC-2026,22250.0,PE,283.8,283.8,258.8,263.0,-130.0
NIFTY,29-DEC-2026,22300.0,CE,905.9,987.95,905.9,978.65,1560.0
NIFTY,29-DEC-2026,22300.0,PE,332.0,332.0,268.55,269.75,4745.0
NIFTY,29-DEC-2026,22350.0,CE,0.0,0.0,0.0,880.8,0.0
NIFTY,29-DEC-2026,22350.0,PE,343.0,343.0,280.0,280.0,715.0
NIFTY,29-DEC-2026,22400.0,CE,832.1,936.0,830.8,910.0,-1690.0
NIFTY,29-DEC-2026,22400.0,PE,360.1,360.1,289.65,295.3,1235.0
NIFTY,29-DEC-2026,22450.0,CE,815.0,827.4,815.0,827.4,130.0
NIFTY,29-DEC-2026,22450.0,PE,370.15,370.15,307.35,311.4,65.0
NIFTY,29-DEC-2026,22500.0,CE,772.4,869.2,765.75,838.85,5590.0
NIFTY,29-DEC-2026,22500.0,PE,389.7,393.95,317.25,323.0,33735.0
NIFTY,29-DEC-2026,22550.0,CE,724.0,806.4,724.0,806.4,260.0
NIFTY,29-DEC-2026,22550.0,PE,405.65,405.65,338.95,342.2,-325.0
NIFTY,29-DEC-2026,22600.0,CE,703.95,804.0,700.0,766.85,3640.0
NIFTY,29-DEC-2026,22600.0,PE,429.95,430.25,351.15,355.8,1300.0
NIFTY,29-DEC-2026,22650.0,CE,717.0,748.85,700.55,748.85,195.0
NIFTY,29-DEC-2026,22650.0,PE,458.25,458.25,372.4,374.7,455.0
NIFTY,29-DEC-2026,22700.0,CE,638.85,735.9,638.85,711.75,11895.0
NIFTY,29-DEC-2026,22700.0,PE,465.15,465.6,383.05,388.45,8580.0
NIFTY,29-DEC-2026,22750.0,CE,616.5,693.15,616.5,680.05,780.0
NIFTY,29-DEC-2026,22750.0,PE,476.0,476.0,401.45,407.3,-325.0
NIFTY,29-DEC-2026,22800.0,CE,589.95,675.85,589.9,652.75,9425.0
NIFTY,29-DEC-2026,22800.0,PE,506.75,507.3,421.45,426.2,3900.0
NIFTY,29-DEC-2026,22850.0,CE,594.45,624.15,594.45,608.0,65.0
NIFTY,29-DEC-2026,22850.0,PE,487.75,487.75,449.55,457.85,-325.0
NIFTY,29-DEC-2026,22900.0,CE,533.95,614.15,533.95,592.95,1820.0
NIFTY,29-DEC-2026,22900.0,PE,552.0,552.0,460.15,466.55,-585.0
NIFTY,29-DEC-2026,22950.0,CE,509.45,574.5,506.3,561.15,-1105.0
NIFTY,29-DEC-2026,22950.0,PE,523.05,534.2,481.35,490.7,-975.0
NIFTY,29-DEC-2026,23000.0,CE,489.95,559.95,479.05,534.4,-17615.0
NIFTY,29-DEC-2026,23000.0,PE,615.0,615.0,501.0,509.8,4280.0
NIFTY,29-DEC-2026,23050.0,CE,479.25,517.05,479.25,504.95,130.0
NIFTY,29-DEC-2026,23050.0,PE,560.0,560.0,532.0,532.0,-325.0
NIFTY,29-DEC-2026,23100.0,CE,440.0,502.05,439.2,485.85,780.0
NIFTY,29-DEC-2026,23100.0,PE,648.0,648.0,546.0,554.55,-260.0
NIFTY,29-DEC-2026,23150.0,CE,416.6,464.95,416.25,464.95,-65.0
NIFTY,29-DEC-2026,23150.0,PE,0.0,0.0,0.0,707.95,0.0
NIFTY,29-DEC-2026,23200.0,CE,395.8,456.0,391.65,436.6,3315.0
NIFTY,29-DEC-2026,23200.0,PE,700.1,700.1,596.0,600.05,-585.0
NIFTY,29-DEC-2026,23250.0,CE,374.15,433.6,374.1,413.0,715.0
NIFTY,29-DEC-2026,23250.0,PE,0.0,0.0,0.0,848.9,0.0
NIFTY,29-DEC-2026,23300.0,CE,352.9,409.35,352.8,391.6,3380.0
NIFTY,29-DEC-2026,23300.0,PE,696.0,696.0,649.3,653.25,-455.0
NIFTY,29-DEC-2026,23350.0,CE,334.8,381.35,334.7,369.65,-1170.0
NIFTY,29-DEC-2026,23350.0,PE,0.0,0.0,0.0,639.3,0.0
NIFTY,29-DEC-2026,23400.0,CE,315.0,361.55,315.0,351.5,-780.0
NIFTY,29-DEC-2026,23400.0,PE,812.1,822.0,706.0,708.75,195.0
NIFTY,29-DEC-2026,23450.0,CE,323.75,339.85,316.05,328.85,-1170.0
NIFTY,29-DEC-2026,23450.0,PE,0.0,0.0,0.0,865.0,0.0
NIFTY,29-DEC-2026,23500.0,CE,285.3,329.25,278.05,311.55,38090.0
NIFTY,29-DEC-2026,23500.0,PE,879.95,881.75,755.0,766.6,17485.0
NIFTY,29-DEC-2026,23550.0,CE,282.4,304.75,282.0,286.95,-520.0
NIFTY,29-DEC-2026,23550.0,PE,0.0,0.0,0.0,1015.4,0.0
NIFTY,29-DEC-2026,23600.0,CE,250.85,290.05,250.3,277.6,-325.0
NIFTY,29-DEC-2026,23600.0,PE,947.5,947.9,830.6,833.15,0.0
NIFTY,29-DEC-2026,23650.0,CE,246.8,272.9,246.8,260.4,520.0
NIFTY,29-DEC-2026,23650.0,PE,923.35,923.35,923.35,923.35,195.0
NIFTY,29-DEC-2026,23700.0,CE,226.75,259.0,220.3,245.3,-10270.0
NIFTY,29-DEC-2026,23700.0,PE,1010.75,1010.75,887.6,894.15,130.0
NIFTY,29-DEC-2026,23750.0,CE,217.6,238.7,217.6,228.8,1300.0
NIFTY,29-DEC-2026,23750.0,PE,0.0,0.0,0.0,1120.0,0.0
NIFTY,29-DEC-2026,23800.0,CE,196.05,227.7,196.05,216.1,9230.0
NIFTY,29-DEC-2026,23800.0,PE,1080.7,1080.7,963.0,963.0,1170.0
NIFTY,29-DEC-2026,23850.0,CE,190.75,214.5,190.75,203.25,5785.0
NIFTY,29-DEC-2026,23850.0,PE,1077.1,1077.1,1066.55,1066.55,390.0
NIFTY,29-DEC-2026,23900.0,CE,173.05,200.8,173.05,190.3,11895.0
NIFTY,29-DEC-2026,23900.0,PE,1156.05,1156.05,1077.05,1077.05,390.0
NIFTY,29-DEC-2026,23950.0,CE,165.95,190.0,165.95,180.35,2015.0
NIFTY,29-DEC-2026,23950.0,PE,1130.7,1130.7,1130.7,1130.7,0.0
NIFTY,29-DEC-2026,24000.0,CE,165.0,181.2,155.2,170.4,23950.0
NIFTY,29-DEC-2026,24000.0,PE,1239.95,1244.0,1094.05,1113.4,-3950.0
NIFTY,29-DEC-2026,24050.0,CE,151.45,164.5,151.0,158.15,910.0
NIFTY,29-DEC-2026,24050.0,PE,1270.85,1270.85,1152.35,1152.35,455.0
NIFTY,29-DEC-2026,24100.0,CE,138.5,157.95,138.5,149.8,5070.0
NIFTY,29-DEC-2026,24100.0,PE,1243.4,1243.4,1243.4,1243.4,195.0
NIFTY,29-DEC-2026,24150.0,CE,132.0,147.25,132.0,138.5,390.0
NIFTY,29-DEC-2026,24150.0,PE,1279.0,1279.0,1225.0,1225.0,585.0
NIFTY,29-DEC-2026,24200.0,CE,129.0,140.5,124.0,131.95,1625.0
NIFTY,29-DEC-2026,24200.0,PE,1382.5,1382.5,1258.85,1258.85,1105.0
NIFTY,29-DEC-2026,24250.0,CE,114.85,131.35,114.85,124.25,-845.0
NIFTY,29-DEC-2026,24250.0,PE,1324.1,1324.1,1324.1,1324.1,0.0
NIFTY,29-DEC-2026,24300.0,CE,109.5,121.8,96.0,116.5,16185.0
NIFTY,29-DEC-2026,24300.0,PE,1449.0,1449.0,1340.0,1340.0,845.0
NIFTY,29-DEC-2026,24350.0,CE,103.15,115.25,103.15,109.55,910.0
NIFTY,29-DEC-2026,24350.0,PE,1502.8,1502.8,1379.6,1379.6,975.0
NIFTY,29-DEC-2026,24400.0,CE,96.45,109.55,96.45,103.1,9555.0
NIFTY,29-DEC-2026,24400.0,PE,1525.0,1530.0,1440.0,1440.0,585.0
NIFTY,29-DEC-2026,24450.0,CE,92.65,103.0,92.6,97.05,6305.0
NIFTY,29-DEC-2026,24450.0,PE,1560.0,1578.15,1457.9,1477.45,65.0
NIFTY,29-DEC-2026,25000.0,CE,55.15,55.15,51.3,52.35,-41990.0
NIFTY,29-DEC-2026,25000.0,PE,2073.0,2114.95,1941.1,1971.3,-25575.0
NIFTY,29-DEC-2026,25500.0,CE,35.7,35.7,31.05,32.05,-3835.0
NIFTY,29-DEC-2026,25500.0,PE,2560.0,2562.0,2415.55,2440.0,455.0
NIFTY,29-DEC-2026,26000.0,CE,25.05,25.8,22.1,22.45,-160030.0
NIFTY,29-DEC-2026,26000.0,PE,3074.4,3074.4,2874.35,2911.6,-4285.0
NIFTY,29-DEC-2026,27000.0,CE,12.05,12.45,10.3,10.75,-25740.0
NIFTY,29-DEC-2026,27000.0,PE,3972.85,4010.0,3842.75,3856.8,23595.0
NIFTY,29-DEC-2026,28000.0,CE,7.8,7.9,6.75,6.9,1950.0
NIFTY,29-DEC-2026,28000.0,PE,4990.65,4990.65,4834.1,4863.5,-2275.0
NIFTY,29-DEC-2026,28500.0,CE,6.6,6.9,5.7,5.9,130.0
NIFTY,29-DEC-2026,28500.0,PE,0.0,0.0,0.0,3320.25,0.0
NIFTY,29-DEC-2026,29000.0,CE,5.5,6.0,5.15,5.35,-1885.0
NIFTY,29-DEC-2026,29000.0,PE,5980.0,6000.0,5795.0,5833.3,0.0
NIFTY,29-DEC-2026,30000.0,CE,5.9,5.95,5.2,5.45,4690.0
NIFTY,29-DEC-2026,30000.0,PE,6800.0,6894.05,6751.05,6801.95,-650.0
NIFTY,29-DEC-2026,31000.0,CE,5.35,5.35,4.8,5.1,-585.0
NIFTY,29-DEC-2026,31500.0,CE,4.75,4.75,3.65,3.65,390.0
NIFTY,29-DEC-2026,31500.0,PE,0.0,0.0,0.0,4059.3,0.0
NIFTY,29-DEC-2026,33000.0,CE,3.2,3.45,2.8,3.45,585.0
NIFTY,29-DEC-2026,33000.0,PE,0.0,0.0,0.0,5263.45,0.0
NIFTY,29-DEC-2026,34500.0,CE,0.0,0.0,0.0,1.65,0.0
NIFTY,03-NOV-2026,20050.0,CE,0.0,0.0,0.0,3416.1,0.0
NIFTY,03-NOV-2026,20050.0,PE,0.0,0.0,0.0,0.5,0.0
NIFTY,03-NOV-2026,20100.0,CE,0.0,0.0,0.0,3366.5,0.0
NIFTY,03-NOV-2026,20100.0,PE,0.0,0.0,0.0,0.6,0.0
NIFTY,03-NOV-2026,20150.0,CE,0.0,0.0,0.0,3316.95,0.0
NIFTY,03-NOV-2026,20150.0,PE,0.0,0.0,0.0,0.7,0.0
NIFTY,03-NOV-2026,20200.0,CE,0.0,0.0,0.0,3267.45,0.0
NIFTY,03-NOV-2026,20200.0,PE,0.0,0.0,0.0,0.85,0.0
NIFTY,03-NOV-2026,20250.0,CE,0.0,0.0,0.0,3217.9,0.0
NIFTY,03-NOV-2026,20250.0,PE,0.0,0.0,0.0,0.95,0.0
NIFTY,03-NOV-2026,20300.0,CE,0.0,0.0,0.0,3168.4,0.0
NIFTY,03-NOV-2026,20300.0,PE,0.0,0.0,0.0,1.15,0.0
NIFTY,03-NOV-2026,20350.0,CE,0.0,0.0,0.0,3118.95,0.0
NIFTY,03-NOV-2026,20350.0,PE,0.0,0.0,0.0,1.3,0.0
NIFTY,03-NOV-2026,20400.0,CE,0.0,0.0,0.0,3069.5,0.0
NIFTY,03-NOV-2026,20400.0,PE,0.0,0.0,0.0,1.5,0.0
NIFTY,03-NOV-2026,20450.0,CE,0.0,0.0,0.0,3020.05,0.0
NIFTY,03-NOV-2026,20450.0,PE,0.0,0.0,0.0,1.75,0.0
NIFTY,03-NOV-2026,20500.0,CE,0.0,0.0,0.0,2970.65,0.0
NIFTY,03-NOV-2026,20500.0,PE,19.0,20.65,14.7,15.8,10985.0
NIFTY,03-NOV-2026,20550.0,CE,0.0,0.0,0.0,2921.3,0.0
NIFTY,03-NOV-2026,20550.0,PE,0.0,0.0,0.0,2.35,0.0
NIFTY,03-NOV-2026,20600.0,CE,0.0,0.0,0.0,2872.0,0.0
NIFTY,03-NOV-2026,20600.0,PE,19.0,19.6,16.4,16.75,2470.0
NIFTY,03-NOV-2026,20650.0,CE,0.0,0.0,0.0,2822.75,0.0
NIFTY,03-NOV-2026,20650.0,PE,0.0,0.0,0.0,3.1,0.0
NIFTY,03-NOV-2026,20700.0,CE,0.0,0.0,0.0,2773.55,0.0
NIFTY,03-NOV-2026,20700.0,PE,0.0,0.0,0.0,3.55,0.0
NIFTY,03-NOV-2026,20750.0,CE,0.0,0.0,0.0,2724.4,0.0
NIFTY,03-NOV-2026,20750.0,PE,0.0,0.0,0.0,4.05,0.0
NIFTY,03-NOV-2026,20800.0,CE,0.0,0.0,0.0,2675.3,0.0
NIFTY,03-NOV-2026,20800.0,PE,29.15,29.15,20.0,20.1,1625.0
NIFTY,03-NOV-2026,20850.0,CE,0.0,0.0,0.0,2626.3,0.0
NIFTY,03-NOV-2026,20850.0,PE,0.0,0.0,0.0,5.3,0.0
NIFTY,03-NOV-2026,20900.0,CE,0.0,0.0,0.0,2577.35,0.0
NIFTY,03-NOV-2026,20900.0,PE,0.0,0.0,0.0,41.55,0.0
NIFTY,03-NOV-2026,20950.0,CE,0.0,0.0,0.0,2528.5,0.0
NIFTY,03-NOV-2026,20950.0,PE,40.0,40.0,21.5,27.5,65.0
NIFTY,03-NOV-2026,21000.0,CE,0.0,0.0,0.0,2479.75,0.0
NIFTY,03-NOV-2026,21000.0,PE,38.0,38.0,23.9,26.1,7995.0
NIFTY,03-NOV-2026,21050.0,CE,0.0,0.0,0.0,2431.1,0.0
NIFTY,03-NOV-2026,21050.0,PE,0.0,0.0,0.0,52.75,0.0
NIFTY,03-NOV-2026,21100.0,CE,0.0,0.0,0.0,2382.6,0.0
NIFTY,03-NOV-2026,21100.0,PE,34.95,35.2,27.0,27.75,845.0
NIFTY,03-NOV-2026,21150.0,CE,0.0,0.0,0.0,2334.2,0.0
NIFTY,03-NOV-2026,21150.0,PE,0.0,0.0,0.0,11.1,0.0
NIFTY,03-NOV-2026,21200.0,CE,0.0,0.0,0.0,2285.9,0.0
NIFTY,03-NOV-2026,21200.0,PE,0.0,0.0,0.0,12.5,0.0
NIFTY,03-NOV-2026,21250.0,CE,0.0,0.0,0.0,2237.75,0.0
NIFTY,03-NOV-2026,21250.0,PE,0.0,0.0,0.0,14.0,0.0
NIFTY,03-NOV-2026,21300.0,CE,0.0,0.0,0.0,2189.8,0.0
NIFTY,03-NOV-2026,21300.0,PE,36.0,36.0,34.0,34.0,260.0
NIFTY,03-NOV-2026,21350.0,CE,0.0,0.0,0.0,2142.0,0.0
NIFTY,03-NOV-2026,21350.0,PE,0.0,0.0,0.0,17.55,0.0
NIFTY,03-NOV-2026,21400.0,CE,0.0,0.0,0.0,2094.4,0.0
NIFTY,03-NOV-2026,21400.0,PE,54.95,54.95,37.55,39.2,6500.0
NIFTY,03-NOV-2026,21450.0,CE,0.0,0.0,0.0,2046.95,0.0
NIFTY,03-NOV-2026,21450.0,PE,0.0,0.0,0.0,21.85,0.0
NIFTY,03-NOV-2026,21500.0,CE,0.0,0.0,0.0,1999.75,0.0
NIFTY,03-NOV-2026,21500.0,PE,63.95,66.8,44.55,46.0,5005.0
NIFTY,03-NOV-2026,21550.0,CE,0.0,0.0,0.0,1952.8,0.0
NIFTY,03-NOV-2026,21550.0,PE,81.3,82.9,46.4,48.45,2665.0
NIFTY,03-NOV-2026,21600.0,CE,0.0,0.0,0.0,1906.05,0.0
NIFTY,03-NOV-2026,21600.0,PE,59.4,63.1,48.9,49.95,2015.0
NIFTY,03-NOV-2026,21650.0,CE,0.0,0.0,0.0,1859.6,0.0
NIFTY,03-NOV-2026,21650.0,PE,0.0,0.0,0.0,153.55,0.0
NIFTY,03-NOV-2026,21700.0,CE,0.0,0.0,0.0,1813.4,0.0
NIFTY,03-NOV-2026,21700.0,PE,90.75,90.75,57.4,57.7,5590.0
NIFTY,03-NOV-2026,21750.0,CE,0.0,0.0,0.0,1767.5,0.0
NIFTY,03-NOV-2026,21750.0,PE,78.8,78.8,69.85,69.9,195.0
NIFTY,03-NOV-2026,21800.0,CE,0.0,0.0,0.0,1721.95,0.0
NIFTY,03-NOV-2026,21800.0,PE,99.1,99.1,65.4,67.0,3900.0
NIFTY,03-NOV-2026,21850.0,CE,0.0,0.0,0.0,1676.7,0.0
NIFTY,03-NOV-2026,21850.0,PE,109.55,110.3,109.55,110.3,195.0
NIFTY,03-NOV-2026,21900.0,CE,0.0,0.0,0.0,1631.8,0.0
NIFTY,03-NOV-2026,21900.0,PE,93.0,95.45,70.3,82.35,1820.0
NIFTY,03-NOV-2026,21950.0,CE,0.0,0.0,0.0,1587.3,0.0
NIFTY,03-NOV-2026,21950.0,PE,121.5,121.5,82.9,83.85,1430.0
NIFTY,03-NOV-2026,22000.0,CE,810.0,920.0,810.0,896.0,-65.0
NIFTY,03-NOV-2026,22000.0,PE,121.05,133.6,86.85,90.9,2340.0
NIFTY,03-NOV-2026,22050.0,CE,0.0,0.0,0.0,1499.4,0.0
NIFTY,03-NOV-2026,22050.0,PE,145.0,145.0,97.3,97.65,-65.0
NIFTY,03-NOV-2026,22100.0,CE,0.0,0.0,0.0,1456.1,0.0
NIFTY,03-NOV-2026,22100.0,PE,145.45,147.95,102.55,106.25,1365.0
NIFTY,03-NOV-2026,22150.0,CE,0.0,0.0,0.0,536.65,0.0
NIFTY,03-NOV-2026,22150.0,PE,162.15,162.15,112.8,112.8,-585.0
NIFTY,03-NOV-2026,22200.0,CE,660.0,768.55,648.5,750.35,-325.0
NIFTY,03-NOV-2026,22200.0,PE,171.0,173.85,118.5,120.95,0.0
NIFTY,03-NOV-2026,22250.0,CE,0.0,0.0,0.0,606.0,0.0
NIFTY,03-NOV-2026,22250.0,PE,188.1,188.1,131.7,131.7,520.0
NIFTY,03-NOV-2026,22300.0,CE,599.0,672.55,599.0,661.3,-715.0
NIFTY,03-NOV-2026,22300.0,PE,197.15,197.5,141.25,142.95,2860.0
NIFTY,03-NOV-2026,22350.0,CE,0.0,0.0,0.0,529.85,0.0
NIFTY,03-NOV-2026,22350.0,PE,208.75,210.65,145.85,149.55,1885.0
NIFTY,03-NOV-2026,22400.0,CE,510.0,603.5,505.25,592.5,-1560.0
NIFTY,03-NOV-2026,22400.0,PE,227.3,234.6,160.3,165.45,715.0
NIFTY,03-NOV-2026,22450.0,CE,0.0,0.0,0.0,463.75,0.0
NIFTY,03-NOV-2026,22450.0,PE,230.4,231.5,174.85,178.15,1300.0
NIFTY,03-NOV-2026,22500.0,CE,444.4,548.45,442.0,520.75,-455.0
NIFTY,03-NOV-2026,22500.0,PE,265.35,265.35,187.35,192.25,4225.0
NIFTY,03-NOV-2026,22550.0,CE,417.55,498.45,417.55,475.25,-195.0
NIFTY,03-NOV-2026,22550.0,PE,278.65,278.65,203.0,208.0,910.0
NIFTY,03-NOV-2026,22600.0,CE,384.4,476.85,381.0,452.8,-12675.0
NIFTY,03-NOV-2026,22600.0,PE,299.2,308.6,219.3,223.05,3250.0
NIFTY,03-NOV-2026,22650.0,CE,357.75,433.95,355.25,419.0,520.0
NIFTY,03-NOV-2026,22650.0,PE,314.2,314.2,237.8,241.85,1300.0
NIFTY,03-NOV-2026,22700.0,CE,335.0,410.0,330.3,388.75,6045.0
NIFTY,03-NOV-2026,22700.0,PE,334.7,334.7,255.05,259.85,6110.0
NIFTY,03-NOV-2026,22750.0,CE,330.8,373.65,328.8,359.3,3835.0
NIFTY,03-NOV-2026,22750.0,PE,373.05,373.25,277.05,280.85,2470.0
NIFTY,03-NOV-2026,22800.0,CE,278.0,350.25,278.0,331.2,5070.0
NIFTY,03-NOV-2026,22800.0,PE,396.6,403.1,300.0,304.9,7930.0
NIFTY,03-NOV-2026,22850.0,CE,262.0,316.35,262.0,305.35,2535.0
NIFTY,03-NOV-2026,22850.0,PE,364.3,375.4,321.0,324.65,3380.0
NIFTY,03-NOV-2026,22900.0,CE,234.5,295.7,234.2,280.35,3705.0
NIFTY,03-NOV-2026,22900.0,PE,410.0,413.8,340.8,348.55,4290.0
NIFTY,03-NOV-2026,22950.0,CE,219.45,275.1,217.05,256.25,3315.0
NIFTY,03-NOV-2026,22950.0,PE,450.0,450.65,369.4,374.4,3900.0
NIFTY,03-NOV-2026,23000.0,CE,201.95,252.35,193.15,233.4,3575.0
NIFTY,03-NOV-2026,23000.0,PE,536.55,536.55,393.85,401.0,4615.0
NIFTY,03-NOV-2026,23050.0,CE,176.45,220.9,176.45,213.0,4745.0
NIFTY,03-NOV-2026,23050.0,PE,462.5,468.9,422.15,429.2,4030.0
NIFTY,03-NOV-2026,23100.0,CE,159.35,209.0,159.35,191.65,7410.0
NIFTY,03-NOV-2026,23100.0,PE,550.0,552.4,451.55,456.05,4290.0
NIFTY,03-NOV-2026,23150.0,CE,186.0,186.0,157.4,173.65,6565.0
NIFTY,03-NOV-2026,23150.0,PE,540.15,540.7,486.15,486.15,4875.0
NIFTY,03-NOV-2026,23200.0,CE,135.3,172.0,135.25,157.2,11050.0
NIFTY,03-NOV-2026,23200.0,PE,636.6,643.95,509.0,519.7,10270.0
NIFTY,03-NOV-2026,23250.0,CE,110.0,154.3,110.0,143.15,2860.0
NIFTY,03-NOV-2026,23250.0,PE,0.0,0.0,0.0,670.0,0.0
NIFTY,03-NOV-2026,23300.0,CE,109.95,137.0,107.05,129.4,520.0
NIFTY,03-NOV-2026,23300.0,PE,718.25,748.65,590.25,593.45,1040.0
NIFTY,03-NOV-2026,23350.0,CE,99.85,128.45,99.85,114.35,1170.0
NIFTY,03-NOV-2026,23350.0,PE,0.0,0.0,0.0,592.95,0.0
NIFTY,03-NOV-2026,23400.0,CE,92.7,113.15,88.6,104.3,7865.0
NIFTY,03-NOV-2026,23400.0,PE,0.0,0.0,0.0,840.75,0.0
NIFTY,03-NOV-2026,23450.0,CE,94.7,98.0,67.85,92.0,65.0
NIFTY,03-NOV-2026,23450.0,PE,0.0,0.0,0.0,902.6,0.0
NIFTY,03-NOV-2026,23500.0,CE,72.1,90.55,70.2,83.6,3835.0
NIFTY,03-NOV-2026,23500.0,PE,820.0,820.0,725.0,760.0,910.0
NIFTY,03-NOV-2026,23550.0,CE,75.0,76.3,64.55,75.2,-910.0
NIFTY,03-NOV-2026,23550.0,PE,0.0,0.0,0.0,528.4,0.0
NIFTY,03-NOV-2026,23600.0,CE,55.65,71.75,55.65,65.3,14430.0
NIFTY,03-NOV-2026,23600.0,PE,0.0,0.0,0.0,555.1,0.0
NIFTY,03-NOV-2026,23650.0,CE,0.0,0.0,0.0,57.15,0.0
NIFTY,03-NOV-2026,23650.0,PE,0.0,0.0,0.0,463.5,0.0
NIFTY,03-NOV-2026,23700.0,CE,0.0,0.0,0.0,401.3,0.0
NIFTY,03-NOV-2026,23700.0,PE,0.0,0.0,0.0,610.85,0.0
NIFTY,03-NOV-2026,23750.0,CE,0.0,0.0,0.0,380.65,0.0
NIFTY,03-NOV-2026,23750.0,PE,0.0,0.0,0.0,639.9,0.0
NIFTY,03-NOV-2026,23800.0,CE,38.75,47.0,38.75,45.0,91000.0
NIFTY,03-NOV-2026,23800.0,PE,0.0,0.0,0.0,669.7,0.0
NIFTY,03-NOV-2026,23850.0,CE,42.8,42.8,42.8,42.8,65.0
NIFTY,03-NOV-2026,23850.0,PE,0.0,0.0,0.0,700.25,0.0
NIFTY,03-NOV-2026,23900.0,CE,35.1,41.95,32.05,37.35,325.0
NIFTY,03-NOV-2026,23900.0,PE,0.0,0.0,0.0,731.5,0.0
NIFTY,03-NOV-2026,23950.0,CE,0.0,0.0,0.0,305.7,0.0
NIFTY,03-NOV-2026,23950.0,PE,0.0,0.0,0.0,763.55,0.0
NIFTY,03-NOV-2026,24000.0,CE,30.05,31.0,25.0,28.65,7475.0
NIFTY,03-NOV-2026,24000.0,PE,0.0,0.0,0.0,788.3,0.0
NIFTY,03-NOV-2026,24050.0,CE,0.0,0.0,0.0,272.55,0.0
NIFTY,03-NOV-2026,24050.0,PE,0.0,0.0,0.0,829.7,0.0
NIFTY,03-NOV-2026,24100.0,CE,23.95,25.5,20.0,21.9,3835.0
NIFTY,03-NOV-2026,24100.0,PE,0.0,0.0,0.0,863.85,0.0
NIFTY,03-NOV-2026,24150.0,CE,0.0,0.0,0.0,242.15,0.0
NIFTY,03-NOV-2026,24150.0,PE,0.0,0.0,0.0,898.65,0.0
NIFTY,03-NOV-2026,24200.0,CE,24.2,24.25,17.75,19.6,5655.0
NIFTY,03-NOV-2026,24200.0,PE,0.0,0.0,0.0,1659.45,0.0
NIFTY,03-NOV-2026,24250.0,CE,0.0,0.0,0.0,214.4,0.0
NIFTY,03-NOV-2026,24250.0,PE,0.0,0.0,0.0,970.25,0.0
NIFTY,03-NOV-2026,24300.0,CE,21.3,21.3,19.0,19.0,260.0
NIFTY,03-NOV-2026,24300.0,PE,0.0,0.0,0.0,1010.0,0.0
NIFTY,03-NOV-2026,24350.0,CE,10.55,18.75,10.55,18.75,0.0
NIFTY,03-NOV-2026,24350.0,PE,0.0,0.0,0.0,1045.45,0.0
NIFTY,03-NOV-2026,24400.0,CE,15.0,16.5,15.0,15.0,195.0
NIFTY,03-NOV-2026,24400.0,PE,0.0,0.0,0.0,1082.55,0.0
NIFTY,03-NOV-2026,24450.0,CE,17.95,17.95,14.35,14.35,0.0
NIFTY,03-NOV-2026,24450.0,PE,0.0,0.0,0.0,1121.05,0.0
NIFTY,03-NOV-2026,24500.0,CE,14.9,14.9,11.9,13.65,7540.0
NIFTY,03-NOV-2026,24500.0,PE,0.0,0.0,0.0,1160.15,0.0
NIFTY,03-NOV-2026,24550.0,CE,0.0,0.0,0.0,12.3,0.0
NIFTY,03-NOV-2026,24550.0,PE,0.0,0.0,0.0,1199.8,0.0
NIFTY,03-NOV-2026,24600.0,CE,13.3,14.5,10.8,11.2,4940.0
NIFTY,03-NOV-2026,24600.0,PE,0.0,0.0,0.0,1240.0,0.0
NIFTY,03-NOV-2026,24650.0,CE,15.1,15.1,12.0,12.0,65.0
NIFTY,03-NOV-2026,24650.0,PE,0.0,0.0,0.0,1280.65,0.0
NIFTY,03-NOV-2026,24700.0,CE,11.35,12.65,10.25,12.2,-585.0
NIFTY,03-NOV-2026,24700.0,PE,0.0,0.0,0.0,1321.8,0.0
NIFTY,03-NOV-2026,24750.0,CE,12.2,12.2,12.2,12.2,1235.0
NIFTY,03-NOV-2026,24750.0,PE,0.0,0.0,0.0,1363.45,0.0
NIFTY,03-NOV-2026,24800.0,CE,9.4,12.7,7.65,8.4,-520.0
NIFTY,03-NOV-2026,24800.0,PE,0.0,0.0,0.0,1405.5,0.0
NIFTY,03-NOV-2026,24850.0,CE,7.35,7.35,7.35,7.35,-65.0
NIFTY,03-NOV-2026,24850.0,PE,0.0,0.0,0.0,1448.0,0.0
NIFTY,03-NOV-2026,24900.0,CE,7.55,7.55,7.3,7.3,0.0
NIFTY,03-NOV-2026,24900.0,PE,0.0,0.0,0.0,1490.95,0.0
NIFTY,03-NOV-2026,24950.0,CE,9.75,10.0,9.75,9.9,845.0
NIFTY,03-NOV-2026,24950.0,PE,0.0,0.0,0.0,1534.25,0.0
NIFTY,03-NOV-2026,25000.0,CE,10.25,10.3,7.7,8.6,3965.0
NIFTY,03-NOV-2026,25000.0,PE,0.0,0.0,0.0,1577.95,0.0
NIFTY,03-NOV-2026,25050.0,CE,0.0,0.0,0.0,11.35,0.0
NIFTY,03-NOV-2026,25050.0,PE,0.0,0.0,0.0,1622.0,0.0
NIFTY,03-NOV-2026,25100.0,CE,9.75,9.75,6.25,8.55,-130.0
NIFTY,03-NOV-2026,25100.0,PE,0.0,0.0,0.0,1666.4,0.0
NIFTY,03-NOV-2026,25150.0,CE,6.6,7.85,6.25,6.3,65.0
NIFTY,03-NOV-2026,25150.0,PE,0.0,0.0,0.0,1711.15,0.0
NIFTY,03-NOV-2026,25200.0,CE,9.15,9.15,6.35,7.3,-845.0
NIFTY,03-NOV-2026,25200.0,PE,0.0,0.0,0.0,1756.2,0.0
NIFTY,23-NOV-2026,20050.0,CE,0.0,0.0,0.0,4585.15,0.0
NIFTY,23-NOV-2026,20050.0,PE,0.0,0.0,0.0,2.75,0.0
NIFTY,23-NOV-2026,20100.0,CE,0.0,0.0,0.0,4536.15,0.0
NIFTY,23-NOV-2026,20100.0,PE,0.0,0.0,0.0,3.0,0.0
NIFTY,23-NOV-2026,20150.0,CE,0.0,0.0,0.0,4487.2,0.0
NIFTY,23-NOV-2026,20150.0,PE,0.0,0.0,0.0,3.3,0.0
NIFTY,23-NOV-2026,20200.0,CE,0.0,0.0,0.0,4438.3,0.0
NIFTY,23-NOV-2026,20200.0,PE,0.0,0.0,0.0,3.65,0.0
NIFTY,23-NOV-2026,20250.0,CE,0.0,0.0,0.0,4389.4,0.0
NIFTY,23-NOV-2026,20250.0,PE,0.0,0.0,0.0,4.0,0.0
NIFTY,23-NOV-2026,20300.0,CE,0.0,0.0,0.0,4340.55,0.0
NIFTY,23-NOV-2026,20300.0,PE,0.0,0.0,0.0,4.4,0.0
NIFTY,23-NOV-2026,20350.0,CE,0.0,0.0,0.0,4291.7,0.0
NIFTY,23-NOV-2026,20350.0,PE,0.0,0.0,0.0,4.85,0.0
NIFTY,23-NOV-2026,20400.0,CE,0.0,0.0,0.0,4242.9,0.0
NIFTY,23-NOV-2026,20400.0,PE,0.0,0.0,0.0,5.3,0.0
NIFTY,23-NOV-2026,20450.0,CE,0.0,0.0,0.0,4194.15,0.0
NIFTY,23-NOV-2026,20450.0,PE,0.0,0.0,0.0,5.8,0.0
NIFTY,23-NOV-2026,20500.0,CE,0.0,0.0,0.0,2523.05,0.0
NIFTY,23-NOV-2026,20500.0,PE,46.6,46.6,33.75,34.45,27820.0
NIFTY,23-NOV-2026,20550.0,CE,0.0,0.0,0.0,4096.8,0.0
NIFTY,23-NOV-2026,20550.0,PE,42.0,42.0,33.7,33.7,-130.0
NIFTY,23-NOV-2026,20600.0,CE,0.0,0.0,0.0,4048.2,0.0
NIFTY,23-NOV-2026,20600.0,PE,40.95,40.95,34.4,35.15,195.0
NIFTY,23-NOV-2026,20650.0,CE,0.0,0.0,0.0,3999.6,0.0
NIFTY,23-NOV-2026,20650.0,PE,40.0,40.0,40.0,40.0,0.0
NIFTY,23-NOV-2026,20700.0,CE,0.0,0.0,0.0,3951.1,0.0
NIFTY,23-NOV-2026,20700.0,PE,50.05,50.05,38.6,40.3,-15730.0
NIFTY,23-NOV-2026,20750.0,CE,0.0,0.0,0.0,3902.65,0.0
NIFTY,23-NOV-2026,20750.0,PE,0.0,0.0,0.0,70.0,0.0
NIFTY,23-NOV-2026,20800.0,CE,0.0,0.0,0.0,3854.3,0.0
NIFTY,23-NOV-2026,20800.0,PE,57.65,57.7,41.2,42.75,3770.0
NIFTY,23-NOV-2026,20850.0,CE,0.0,0.0,0.0,3805.95,0.0
NIFTY,23-NOV-2026,20850.0,PE,46.1,48.0,46.1,48.0,130.0
NIFTY,23-NOV-2026,20900.0,CE,0.0,0.0,0.0,3757.7,0.0
NIFTY,23-NOV-2026,20900.0,PE,63.95,63.95,44.4,45.95,-260.0
NIFTY,23-NOV-2026,20950.0,CE,0.0,0.0,0.0,3709.55,0.0
NIFTY,23-NOV-2026,20950.0,PE,54.25,54.25,50.0,50.0,65.0
NIFTY,23-NOV-2026,21000.0,CE,1866.0,1932.6,1866.0,1915.0,65.0
NIFTY,23-NOV-2026,21000.0,PE,67.3,69.5,50.2,51.2,3705.0
NIFTY,23-NOV-2026,21050.0,CE,0.0,0.0,0.0,3613.45,0.0
NIFTY,23-NOV-2026,21050.0,PE,0.0,0.0,0.0,86.7,0.0
NIFTY,23-NOV-2026,21100.0,CE,0.0,0.0,0.0,3565.5,0.0
NIFTY,23-NOV-2026,21100.0,PE,79.05,79.05,55.05,56.85,8125.0
NIFTY,23-NOV-2026,21150.0,CE,0.0,0.0,0.0,3517.65,0.0
NIFTY,23-NOV-2026,21150.0,PE,0.0,0.0,0.0,96.45,0.0
NIFTY,23-NOV-2026,21200.0,CE,0.0,0.0,0.0,3469.95,0.0
NIFTY,23-NOV-2026,21200.0,PE,79.0,79.0,58.05,62.05,-5200.0
NIFTY,23-NOV-2026,21250.0,CE,0.0,0.0,0.0,3422.3,0.0
NIFTY,23-NOV-2026,21250.0,PE,66.75,66.75,65.55,66.1,-65.0
NIFTY,23-NOV-2026,21300.0,CE,0.0,0.0,0.0,3374.8,0.0
NIFTY,23-NOV-2026,21300.0,PE,90.0,90.0,65.35,67.3,-4030.0
NIFTY,23-NOV-2026,21350.0,CE,0.0,0.0,0.0,3327.35,0.0
NIFTY,23-NOV-2026,21350.0,PE,80.0,82.0,69.25,71.5,7540.0
NIFTY,23-NOV-2026,21400.0,CE,0.0,0.0,0.0,3280.1,0.0
NIFTY,23-NOV-2026,21400.0,PE,94.75,94.8,73.3,73.9,7085.0
NIFTY,23-NOV-2026,21450.0,CE,0.0,0.0,0.0,3232.9,0.0
NIFTY,23-NOV-2026,21450.0,PE,94.15,94.15,78.0,79.65,130.0
NIFTY,23-NOV-2026,21500.0,CE,1350.05,1477.6,1341.95,1452.1,-325.0
NIFTY,23-NOV-2026,21500.0,PE,115.0,115.0,82.0,83.9,34450.0
NIFTY,23-NOV-2026,21550.0,CE,0.0,0.0,0.0,3139.0,0.0
NIFTY,23-NOV-2026,21550.0,PE,102.0,104.0,85.25,87.6,390.0
NIFTY,23-NOV-2026,21600.0,CE,0.0,0.0,0.0,3092.25,0.0
NIFTY,23-NOV-2026,21600.0,PE,120.0,121.0,90.9,92.4,15535.0
NIFTY,23-NOV-2026,21650.0,CE,0.0,0.0,0.0,3045.65,0.0
NIFTY,23-NOV-2026,21650.0,PE,112.0,112.0,97.3,97.65,1300.0
NIFTY,23-NOV-2026,21700.0,CE,0.0,0.0,0.0,2999.2,0.0
NIFTY,23-NOV-2026,21700.0,PE,135.0,137.65,100.5,103.0,-1690.0
NIFTY,23-NOV-2026,21750.0,CE,0.0,0.0,0.0,2952.95,0.0
NIFTY,23-NOV-2026,21750.0,PE,141.05,141.55,105.55,110.6,1950.0
NIFTY,23-NOV-2026,21800.0,CE,0.0,0.0,0.0,1126.9,0.0
NIFTY,23-NOV-2026,21800.0,PE,151.5,152.0,112.1,114.75,-3705.0
NIFTY,23-NOV-2026,21850.0,CE,0.0,0.0,0.0,2860.95,0.0
NIFTY,23-NOV-2026,21850.0,PE,124.4,124.4,121.25,122.5,520.0
NIFTY,23-NOV-2026,21900.0,CE,1061.75,1122.45,1061.75,1100.0,130.0
NIFTY,23-NOV-2026,21900.0,PE,169.05,170.35,125.2,128.15,9425.0
NIFTY,23-NOV-2026,21950.0,CE,0.0,0.0,0.0,2769.65,0.0
NIFTY,23-NOV-2026,21950.0,PE,150.0,162.05,133.05,136.0,8775.0
NIFTY,23-NOV-2026,22000.0,CE,929.95,1057.95,906.85,1024.3,7995.0
NIFTY,23-NOV-2026,22000.0,PE,190.05,193.65,142.7,145.6,326755.0
NIFTY,23-NOV-2026,22050.0,CE,897.75,933.75,897.75,933.75,65.0
NIFTY,23-NOV-2026,22050.0,PE,196.3,196.3,151.25,152.9,3640.0
NIFTY,23-NOV-2026,22100.0,CE,859.3,984.1,859.3,947.05,0.0
NIFTY,23-NOV-2026,22100.0,PE,208.0,211.05,157.95,161.3,130.0
NIFTY,23-NOV-2026,22150.0,CE,0.0,0.0,0.0,716.0,0.0
NIFTY,23-NOV-2026,22150.0,PE,221.5,221.5,168.4,171.9,260.0
NIFTY,23-NOV-2026,22200.0,CE,784.05,894.0,780.7,870.25,-325.0
NIFTY,23-NOV-2026,22200.0,PE,236.65,236.95,176.3,179.35,325.0
NIFTY,23-NOV-2026,22250.0,CE,812.85,825.25,810.25,810.25,-390.0
NIFTY,23-NOV-2026,22250.0,PE,240.85,240.85,190.15,192.45,585.0
NIFTY,23-NOV-2026,22300.0,CE,712.05,820.0,712.0,780.25,-3315.0
NIFTY,23-NOV-2026,22300.0,PE,262.95,262.95,198.15,202.55,-845.0
NIFTY,23-NOV-2026,22350.0,CE,677.0,741.4,671.3,741.4,-130.0
NIFTY,23-NOV-2026,22350.0,PE,276.5,276.55,209.5,214.05,-130.0
NIFTY,23-NOV-2026,22400.0,CE,633.0,750.0,633.0,720.6,-1365.0
NIFTY,23-NOV-2026,22400.0,PE,293.55,293.55,222.0,228.25,6110.0
NIFTY,23-NOV-2026,22450.0,CE,603.4,681.05,603.4,681.05,-130.0
NIFTY,23-NOV-2026,22450.0,PE,289.95,289.95,237.3,239.9,-910.0
NIFTY,23-NOV-2026,22500.0,CE,575.55,678.05,565.8,647.1,10400.0
NIFTY,23-NOV-2026,22500.0,PE,320.4,332.7,250.0,255.65,-19435.0
NIFTY,23-NOV-2026,22550.0,CE,544.0,637.4,544.0,621.15,-780.0
NIFTY,23-NOV-2026,22550.0,PE,343.1,348.95,268.05,271.5,325.0
NIFTY,23-NOV-2026,22600.0,CE,509.0,612.5,506.5,583.6,130.0
NIFTY,23-NOV-2026,22600.0,PE,378.65,378.65,281.0,288.75,18395.0
NIFTY,23-NOV-2026,22650.0,CE,490.2,566.0,490.2,557.55,455.0
NIFTY,23-NOV-2026,22650.0,PE,380.05,380.05,301.2,306.05,4355.0
NIFTY,23-NOV-2026,22700.0,CE,460.0,549.0,452.35,520.1,11375.0
NIFTY,23-NOV-2026,22700.0,PE,436.25,436.25,319.6,326.7,35945.0
NIFTY,23-NOV-2026,22750.0,CE,431.25,517.35,425.8,491.65,-3835.0
NIFTY,23-NOV-2026,22750.0,PE,426.7,426.7,338.5,343.6,-2600.0
NIFTY,23-NOV-2026,22800.0,CE,407.55,488.0,392.5,461.4,21450.0
NIFTY,23-NOV-2026,22800.0,PE,455.95,457.0,358.0,366.1,33670.0
NIFTY,23-NOV-2026,22850.0,CE,376.9,455.2,376.9,438.7,-1300.0
NIFTY,23-NOV-2026,22850.0,PE,480.55,480.55,384.0,388.2,-390.0
NIFTY,23-NOV-2026,22900.0,CE,352.95,433.3,352.95,408.55,780.0
NIFTY,23-NOV-2026,22900.0,PE,505.95,505.95,401.95,408.55,7475.0
NIFTY,23-NOV-2026,22950.0,CE,350.0,401.15,350.0,385.05,-1365.0
NIFTY,23-NOV-2026,22950.0,PE,530.95,530.95,430.65,432.35,130.0
NIFTY,23-NOV-2026,23000.0,CE,333.0,378.7,307.0,357.85,-37050.0
NIFTY,23-NOV-2026,23000.0,PE,563.65,563.65,445.0,456.45,4875.0
NIFTY,23-NOV-2026,23050.0,CE,295.75,350.7,295.75,334.45,-2080.0
NIFTY,23-NOV-2026,23050.0,PE,560.3,560.3,472.15,489.85,-130.0
NIFTY,23-NOV-2026,23100.0,CE,270.95,332.0,269.65,312.1,2860.0
NIFTY,23-NOV-2026,23100.0,PE,613.9,620.05,497.0,505.95,585.0
NIFTY,23-NOV-2026,23150.0,CE,258.7,310.0,251.1,291.35,-2275.0
NIFTY,23-NOV-2026,23150.0,PE,621.5,621.5,525.4,525.4,-130.0
NIFTY,23-NOV-2026,23200.0,CE,233.0,287.1,232.8,269.7,5265.0
NIFTY,23-NOV-2026,23200.0,PE,674.05,674.05,554.0,560.5,2795.0
NIFTY,23-NOV-2026,23250.0,CE,235.0,265.5,234.45,249.15,-130.0
NIFTY,23-NOV-2026,23250.0,PE,610.7,615.2,581.25,600.2,975.0
NIFTY,23-NOV-2026,23300.0,CE,199.55,247.75,199.55,230.1,19175.0
NIFTY,23-NOV-2026,23300.0,PE,724.05,724.05,618.0,622.2,-1690.0
NIFTY,23-NOV-2026,23350.0,CE,189.9,225.05,188.0,214.3,1820.0
NIFTY,23-NOV-2026,23350.0,PE,775.05,775.05,652.75,652.8,455.0
NIFTY,23-NOV-2026,23400.0,CE,173.3,211.85,172.6,196.75,12415.0
NIFTY,23-NOV-2026,23400.0,PE,801.0,801.0,674.9,690.0,3640.0
NIFTY,23-NOV-2026,23450.0,CE,155.55,195.0,155.55,181.3,1820.0
NIFTY,23-NOV-2026,23450.0,PE,772.6,772.6,719.0,721.65,520.0
NIFTY,23-NOV-2026,23500.0,CE,152.95,182.0,146.85,168.3,-43160.0
NIFTY,23-NOV-2026,23500.0,PE,882.05,890.9,744.0,756.45,-8580.0
NIFTY,23-NOV-2026,23550.0,CE,138.95,168.05,138.35,155.55,-2210.0
NIFTY,23-NOV-2026,23550.0,PE,919.85,920.85,792.15,820.3,195.0
NIFTY,23-NOV-2026,23600.0,CE,128.0,155.85,122.75,143.55,4875.0
NIFTY,23-NOV-2026,23600.0,PE,910.05,910.05,810.65,832.45,65.0
NIFTY,23-NOV-2026,23650.0,CE,123.9,136.6,123.9,134.25,-2340.0
NIFTY,23-NOV-2026,23650.0,PE,990.0,990.0,861.1,872.9,325.0
NIFTY,23-NOV-2026,23700.0,CE,110.5,131.7,107.15,122.15,-5005.0
NIFTY,23-NOV-2026,23700.0,PE,1005.0,1005.0,892.7,912.35,-520.0
NIFTY,23-NOV-2026,23750.0,CE,99.8,120.9,99.5,112.35,-3705.0
NIFTY,23-NOV-2026,23750.0,PE,0.0,0.0,0.0,1135.95,0.0
NIFTY,23-NOV-2026,23800.0,CE,98.05,112.35,91.85,103.3,-24830.0
NIFTY,23-NOV-2026,23800.0,PE,1129.05,1129.05,970.0,1000.0,-845.0
NIFTY,23-NOV-2026,23850.0,CE,84.8,99.3,84.8,96.1,-390.0
NIFTY,23-NOV-2026,23850.0,PE,1136.6,1136.6,1037.55,1037.55,-65.0
NIFTY,23-NOV-2026,23900.0,CE,79.0,95.25,78.95,87.65,-4875.0
NIFTY,23-NOV-2026,23900.0,PE,1154.7,1154.7,1065.5,1068.7,65.0
NIFTY,23-NOV-2026,23950.0,CE,83.75,85.05,78.05,81.5,1105.0
NIFTY,23-NOV-2026,23950.0,PE,0.0,0.0,0.0,1298.4,0.0
NIFTY,23-NOV-2026,24000.0,CE,71.0,81.7,67.9,75.8,24505.0
NIFTY,23-NOV-2026,24000.0,PE,1282.05,1295.65,1139.85,1158.0,5330.0
NIFTY,23-NOV-2026,24050.0,CE,68.65,73.95,65.8,70.5,-1820.0
NIFTY,23-NOV-2026,24050.0,PE,0.0,0.0,0.0,1132.55,0.0
NIFTY,23-NOV-2026,24100.0,CE,58.3,68.85,58.3,63.7,-8840.0
NIFTY,23-NOV-2026,24100.0,PE,1320.0,1320.0,1213.8,1213.8,-65.0
NIFTY,23-NOV-2026,24150.0,CE,55.9,63.15,53.7,58.2,-2405.0
NIFTY,23-NOV-2026,24150.0,PE,1400.0,1400.0,1300.0,1300.0,0.0
NIFTY,23-NOV-2026,24200.0,CE,53.0,57.5,49.75,53.7,16250.0
NIFTY,23-NOV-2026,24200.0,PE,1450.0,1450.0,1322.65,1322.65,-130.0
NIFTY,23-NOV-2026,24250.0,CE,46.9,54.15,46.9,54.15,1690.0
NIFTY,23-NOV-2026,24250.0,PE,0.0,0.0,0.0,1293.1,0.0
NIFTY,23-NOV-2026,24300.0,CE,48.0,51.05,41.85,46.25,9165.0
NIFTY,23-NOV-2026,24300.0,PE,1450.0,1459.65,1450.0,1459.65,-130.0
NIFTY,23-NOV-2026,24350.0,CE,42.5,47.3,40.15,42.95,1365.0
NIFTY,23-NOV-2026,24350.0,PE,1577.3,1577.3,1478.7,1478.7,0.0
NIFTY,23-NOV-2026,24400.0,CE,37.75,42.4,35.15,39.7,16055.0
NIFTY,23-NOV-2026,24400.0,PE,0.0,0.0,0.0,1701.2,0.0
NIFTY,23-NOV-2026,24450.0,CE,0.0,0.0,0.0,37.85,0.0
NIFTY,23-NOV-2026,24450.0,PE,0.0,0.0,0.0,1837.0,0.0
NIFTY,23-NOV-2026,24500.0,CE,34.65,38.55,32.3,35.5,50570.0
NIFTY,23-NOV-2026,24500.0,PE,1742.0,1742.0,1585.0,1605.75,-130.0
NIFTY,23-NOV-2026,24550.0,CE,35.95,35.95,29.1,31.1,130.0
NIFTY,23-NOV-2026,24550.0,PE,0.0,0.0,0.0,1567.5,0.0
NIFTY,23-NOV-2026,24600.0,CE,30.75,33.1,29.3,30.7,4680.0
NIFTY,23-NOV-2026,24600.0,PE,0.0,0.0,0.0,2050.0,0.0
NIFTY,23-NOV-2026,24650.0,CE,0.0,0.0,0.0,30.0,0.0
NIFTY,23-NOV-2026,24650.0,PE,0.0,0.0,0.0,1463.55,0.0
NIFTY,23-NOV-2026,24700.0,CE,28.0,31.1,25.65,28.15,910.0
NIFTY,23-NOV-2026,24700.0,PE,0.0,0.0,0.0,1950.0,0.0
NIFTY,23-NOV-2026,24750.0,CE,26.75,33.05,23.55,27.25,195.0
NIFTY,23-NOV-2026,24750.0,PE,0.0,0.0,0.0,2024.7,0.0
NIFTY,23-NOV-2026,24800.0,CE,24.5,31.3,19.4,24.7,17355.0
NIFTY,23-NOV-2026,24800.0,PE,0.0,0.0,0.0,2223.6,0.0
NIFTY,23-NOV-2026,24850.0,CE,0.0,0.0,0.0,22.8,0.0
NIFTY,23-NOV-2026,24850.0,PE,0.0,0.0,0.0,860.35,0.0
NIFTY,23-NOV-2026,24900.0,CE,22.3,23.4,20.55,21.95,1820.0
NIFTY,23-NOV-2026,24900.0,PE,0.0,0.0,0.0,1925.0,0.0
NIFTY,23-NOV-2026,24950.0,CE,20.55,24.5,16.6,24.5,390.0
NIFTY,23-NOV-2026,24950.0,PE,0.0,0.0,0.0,915.05,0.0
NIFTY,23-NOV-2026,25000.0,CE,21.7,21.7,18.6,19.7,-66170.0
NIFTY,23-NOV-2026,25000.0,PE,2249.75,2252.0,2065.0,2084.15,6825.0
NIFTY,23-NOV-2026,25050.0,CE,18.35,18.45,18.35,18.45,260.0
NIFTY,23-NOV-2026,25050.0,PE,0.0,0.0,0.0,2152.6,0.0
NIFTY,23-NOV-2026,25100.0,CE,18.9,20.95,17.3,18.75,1430.0
NIFTY,23-NOV-2026,25100.0,PE,0.0,0.0,0.0,2203.1,0.0
NIFTY,23-NOV-2026,25150.0,CE,0.0,0.0,0.0,18.5,0.0
NIFTY,23-NOV-2026,25150.0,PE,0.0,0.0,0.0,1030.25,0.0
NIFTY,23-NOV-2026,25200.0,CE,16.65,19.95,15.15,15.75,-780.0
NIFTY,23-NOV-2026,25200.0,PE,0.0,0.0,0.0,2423.95,0.0
NIFTY,23-NOV-2026,25250.0,CE,0.0,0.0,0.0,16.95,0.0
NIFTY,23-NOV-2026,25250.0,PE,0.0,0.0,0.0,1090.7,0.0
NIFTY,23-NOV-2026,25300.0,CE,12.6,17.0,12.6,13.0,65.0
NIFTY,23-NOV-2026,25300.0,PE,0.0,0.0,0.0,1600.0,0.0
NIFTY,23-NOV-2026,25350.0,CE,0.0,0.0,0.0,15.0,0.0
NIFTY,23-NOV-2026,25350.0,PE,0.0,0.0,0.0,1152.95,0.0
NIFTY,23-NOV-2026,25400.0,CE,0.0,0.0,0.0,16.15,0.0
NIFTY,23-NOV-2026,25400.0,PE,0.0,0.0,0.0,2300.0,0.0
NIFTY,23-NOV-2026,25450.0,CE,0.0,0.0,0.0,14.0,0.0
NIFTY,23-NOV-2026,25450.0,PE,0.0,0.0,0.0,1217.0,0.0
NIFTY,23-NOV-2026,25500.0,CE,11.8,12.15,10.65,10.8,11830.0
NIFTY,23-NOV-2026,25500.0,PE,2684.75,2685.25,2524.7,2564.05,35945.0
NIFTY,23-NOV-2026,25550.0,CE,11.5,11.5,11.5,11.5,195.0
NIFTY,23-NOV-2026,25550.0,PE,0.0,0.0,0.0,1282.8,0.0
NIFTY,23-NOV-2026,25600.0,CE,11.0,11.0,11.0,11.0,130.0
NIFTY,23-NOV-2026,25600.0,PE,0.0,0.0,0.0,2600.0,0.0
NIFTY,23-NOV-2026,25650.0,CE,0.0,0.0,0.0,14.4,0.0
NIFTY,23-NOV-2026,25650.0,PE,0.0,0.0,0.0,1350.35,0.0
NIFTY,23-NOV-2026,25700.0,CE,17.8,17.8,9.0,9.05,325.0
NIFTY,23-NOV-2026,25700.0,PE,0.0,0.0,0.0,2700.0,0.0
NIFTY,23-NOV-2026,25750.0,CE,10.3,10.3,10.3,10.3,0.0
NIFTY,23-NOV-2026,25750.0,PE,0.0,0.0,0.0,1419.55,0.0
NIFTY,23-NOV-2026,25800.0,CE,0.0,0.0,0.0,10.0,0.0
NIFTY,23-NOV-2026,25800.0,PE,0.0,0.0,0.0,2725.0,0.0
NIFTY,23-NOV-2026,25850.0,CE,0.0,0.0,0.0,10.0,0.0
NIFTY,23-NOV-2026,25850.0,PE,0.0,0.0,0.0,2901.65,0.0
NIFTY,23-NOV-2026,25900.0,CE,10.5,10.5,6.7,7.05,-130.0
NIFTY,23-NOV-2026,25900.0,PE,0.0,0.0,0.0,3176.5,0.0
NIFTY,23-NOV-2026,25950.0,CE,7.5,7.5,7.5,7.5,-65.0
NIFTY,23-NOV-2026,25950.0,PE,0.0,0.0,0.0,1562.8,0.0
NIFTY,23-NOV-2026,26000.0,CE,7.45,7.9,6.5,6.9,40950.0
NIFTY,23-NOV-2026,26000.0,PE,3168.5,3179.8,3012.65,3051.05,62010.0
NIFTY,23-NOV-2026,26050.0,CE,7.0,7.0,7.0,7.0,0.0
NIFTY,23-NOV-2026,26050.0,PE,0.0,0.0,0.0,1637.9,0.0
NIFTY,23-NOV-2026,26100.0,CE,6.0,6.8,5.0,5.45,-325.0
NIFTY,23-NOV-2026,26100.0,PE,0.0,0.0,0.0,1675.5,0.0
NIFTY,06-OCT-2026,20050.0,CE,0.0,0.0,0.0,4121.65,0.0
NIFTY,06-OCT-2026,20050.0,PE,0.3,0.4,0.05,0.05,20150.0
NIFTY,06-OCT-2026,20100.0,CE,0.0,0.0,0.0,4071.9,0.0
NIFTY,06-OCT-2026,20100.0,PE,0.35,0.4,0.05,0.05,30420.0
NIFTY,06-OCT-2026,20150.0,CE,0.0,0.0,0.0,4022.2,0.0
NIFTY,06-OCT-2026,20150.0,PE,0.35,0.45,0.05,0.05,12480.0
NIFTY,06-OCT-2026,20200.0,CE,0.0,0.0,0.0,3972.5,0.0
NIFTY,06-OCT-2026,20200.0,PE,0.5,0.55,0.05,0.05,39715.0
NIFTY,06-OCT-2026,20250.0,CE,0.0,0.0,0.0,3922.8,0.0
NIFTY,06-OCT-2026,20250.0,PE,0.35,0.4,0.05,0.05,1885.0
NIFTY,06-OCT-2026,20300.0,CE,0.0,0.0,0.0,3873.1,0.0
NIFTY,06-OCT-2026,20300.0,PE,0.3,0.4,0.05,0.05,15405.0
NIFTY,06-OCT-2026,20350.0,CE,0.0,0.0,0.0,3823.4,0.0
NIFTY,06-OCT-2026,20350.0,PE,0.4,0.5,0.05,0.05,3770.0
NIFTY,06-OCT-2026,20400.0,CE,0.0,0.0,0.0,3773.7,0.0
NIFTY,06-OCT-2026,20400.0,PE,0.35,0.5,0.05,0.05,45565.0
NIFTY,06-OCT-2026,20450.0,CE,0.0,0.0,0.0,3724.0,0.0
NIFTY,06-OCT-2026,20450.0,PE,0.4,0.5,0.05,0.05,3380.0
NIFTY,06-OCT-2026,20500.0,CE,0.0,0.0,0.0,3674.35,0.0
NIFTY,06-OCT-2026,20500.0,PE,0.25,0.35,0.05,0.05,-2047630.0
NIFTY,06-OCT-2026,20550.0,CE,0.0,0.0,0.0,3624.65,0.0
NIFTY,06-OCT-2026,20550.0,PE,0.3,0.5,0.05,0.05,23465.0
NIFTY,06-OCT-2026,20600.0,CE,0.0,0.0,0.0,3574.95,0.0
NIFTY,06-OCT-2026,20600.0,PE,0.2,0.35,0.05,0.05,-108745.0
NIFTY,06-OCT-2026,20650.0,CE,0.0,0.0,0.0,3525.3,0.0
NIFTY,06-OCT-2026,20650.0,PE,0.3,0.4,0.05,0.05,-3445.0
NIFTY,06-OCT-2026,20700.0,CE,0.0,0.0,0.0,3475.65,0.0
NIFTY,06-OCT-2026,20700.0,PE,0.3,0.4,0.05,0.05,-119925.0
NIFTY,06-OCT-2026,20750.0,CE,0.0,0.0,0.0,3425.95,0.0
NIFTY,06-OCT-2026,20750.0,PE,0.35,0.4,0.05,0.05,-10790.0
NIFTY,06-OCT-2026,20800.0,CE,0.0,0.0,0.0,3376.3,0.0
NIFTY,06-OCT-2026,20800.0,PE,0.3,0.45,0.05,0.05,-526695.0
NIFTY,06-OCT-2026,20850.0,CE,0.0,0.0,0.0,3326.65,0.0
NIFTY,06-OCT-2026,20850.0,PE,0.2,0.45,0.05,0.05,-45175.0
NIFTY,06-OCT-2026,20900.0,CE,0.0,0.0,0.0,3277.05,0.0
NIFTY,06-OCT-2026,20900.0,PE,0.4,0.45,0.05,0.05,-195975.0
NIFTY,06-OCT-2026,20950.0,CE,0.0,0.0,0.0,3227.45,0.0
NIFTY,06-OCT-2026,20950.0,PE,0.2,0.5,0.05,0.1,-26845.0
NIFTY,06-OCT-2026,21000.0,CE,1615.0,1788.25,1611.0,1782.55,-1885.0
NIFTY,06-OCT-2026,21000.0,PE,0.3,0.55,0.05,0.05,-887965.0
NIFTY,06-OCT-2026,21050.0,CE,0.0,0.0,0.0,3128.25,0.0
NIFTY,06-OCT-2026,21050.0,PE,0.4,0.55,0.05,0.1,-51935.0
NIFTY,06-OCT-2026,21100.0,CE,0.0,0.0,0.0,3078.7,0.0
NIFTY,06-OCT-2026,21100.0,PE,0.5,0.55,0.05,0.1,-111215.0
NIFTY,06-OCT-2026,21150.0,CE,0.0,0.0,0.0,3029.15,0.0
NIFTY,06-OCT-2026,21150.0,PE,0.5,0.6,0.05,0.1,199030.0
NIFTY,06-OCT-2026,21200.0,CE,0.0,0.0,0.0,1359.7,0.0
NIFTY,06-OCT-2026,21200.0,PE,0.5,0.6,0.05,0.1,-548405.0
NIFTY,06-OCT-2026,21250.0,CE,0.0,0.0,0.0,2930.15,0.0
NIFTY,06-OCT-2026,21250.0,PE,0.7,0.75,0.05,0.1,-93860.0
NIFTY,06-OCT-2026,21300.0,CE,0.0,0.0,0.0,2880.7,0.0
NIFTY,06-OCT-2026,21300.0,PE,0.45,0.65,0.05,0.05,-220285.0
NIFTY,06-OCT-2026,21350.0,CE,0.0,0.0,0.0,2831.3,0.0
NIFTY,06-OCT-2026,21350.0,PE,0.6,0.7,0.05,0.05,821925.0
NIFTY,06-OCT-2026,21400.0,CE,1260.0,1328.9,1260.0,1285.15,195.0
NIFTY,06-OCT-2026,21400.0,PE,0.6,0.7,0.05,0.05,-115505.0
NIFTY,06-OCT-2026,21450.0,CE,0.0,0.0,0.0,1094.6,0.0
NIFTY,06-OCT-2026,21450.0,PE,0.7,0.75,0.05,0.05,475150.0
NIFTY,06-OCT-2026,21500.0,CE,1099.0,1277.55,1087.75,1243.1,-7345.0
NIFTY,06-OCT-2026,21500.0,PE,0.7,0.85,0.05,0.15,-2986230.0
NIFTY,06-OCT-2026,21550.0,CE,0.0,0.0,0.0,1181.35,0.0
NIFTY,06-OCT-2026,21550.0,PE,0.7,0.9,0.05,0.15,861445.0
NIFTY,06-OCT-2026,21600.0,CE,1024.0,1179.1,1024.0,1139.85,585.0
NIFTY,06-OCT-2026,21600.0,PE,0.6,0.95,0.05,0.15,616785.0
NIFTY,06-OCT-2026,21650.0,CE,0.0,0.0,0.0,898.9,0.0
NIFTY,06-OCT-2026,21650.0,PE,0.9,0.95,0.05,0.1,800345.0
NIFTY,06-OCT-2026,21700.0,CE,878.3,1078.25,877.3,1034.25,130.0
NIFTY,06-OCT-2026,21700.0,PE,0.7,1.0,0.05,0.1,93015.0
NIFTY,06-OCT-2026,21750.0,CE,902.3,980.05,889.0,976.75,-715.0
NIFTY,06-OCT-2026,21750.0,PE,1.0,1.1,0.05,0.1,934570.0
NIFTY,06-OCT-2026,21800.0,CE,774.3,978.1,765.45,934.2,-7410.0
NIFTY,06-OCT-2026,21800.0,PE,0.75,1.1,0.05,0.1,-146965.0
NIFTY,06-OCT-2026,21850.0,CE,806.8,928.0,782.9,870.75,1430.0
NIFTY,06-OCT-2026,21850.0,PE,1.05,1.25,0.05,0.1,38415.0
NIFTY,06-OCT-2026,21900.0,CE,700.0,877.85,678.05,840.85,-1235.0
NIFTY,06-OCT-2026,21900.0,PE,1.1,1.3,0.05,0.05,374595.0
NIFTY,06-OCT-2026,21950.0,CE,627.35,827.75,624.0,782.0,4550.0
NIFTY,06-OCT-2026,21950.0,PE,1.25,1.4,0.05,0.1,736970.0
NIFTY,06-OCT-2026,22000.0,CE,605.0,779.05,575.0,752.3,-123045.0
NIFTY,06-OCT-2026,22000.0,PE,1.3,1.5,0.05,0.1,753285.0
NIFTY,06-OCT-2026,22050.0,CE,524.0,727.55,524.0,689.95,6435.0
NIFTY,06-OCT-2026,22050.0,PE,1.7,1.7,0.05,0.1,337675.0
NIFTY,06-OCT-2026,22100.0,CE,514.0,678.15,474.25,647.6,-57005.0
NIFTY,06-OCT-2026,22100.0,PE,2.55,2.55,0.05,0.1,-606645.0
NIFTY,06-OCT-2026,22150.0,CE,466.55,627.5,421.5,610.65,-43420.0
NIFTY,06-OCT-2026,22150.0,PE,2.4,2.55,0.05,0.1,-848640.0
NIFTY,06-OCT-2026,22200.0,CE,395.0,578.35,376.5,555.3,-283465.0
NIFTY,06-OCT-2026,22200.0,PE,3.0,3.5,0.05,0.1,-2602275.0
NIFTY,06-OCT-2026,22250.0,CE,371.75,529.0,327.3,503.5,-19955.0
NIFTY,06-OCT-2026,22250.0,PE,4.0,4.95,0.05,0.15,-1421225.0
NIFTY,06-OCT-2026,22300.0,CE,292.05,478.4,279.4,448.65,-382395.0
NIFTY,06-OCT-2026,22300.0,PE,4.0,8.2,0.05,0.15,-2617420.0
NIFTY,06-OCT-2026,22350.0,CE,220.7,427.75,220.7,399.95,-133055.0
NIFTY,06-OCT-2026,22350.0,PE,5.0,11.0,0.05,0.2,239655.0
NIFTY,06-OCT-2026,22400.0,CE,202.0,377.1,187.4,340.45,-1321775.0
NIFTY,06-OCT-2026,22400.0,PE,14.2,18.0,0.05,0.25,-3161015.0
NIFTY,06-OCT-2026,22450.0,CE,164.0,326.8,146.55,292.0,-1197690.0
NIFTY,06-OCT-2026,22450.0,PE,18.0,26.05,0.05,0.25,97565.0
NIFTY,06-OCT-2026,22500.0,CE,136.0,276.75,109.65,239.95,-6718595.0
NIFTY,06-OCT-2026,22500.0,PE,30.7,39.45,0.05,0.3,-1689805.0
NIFTY,06-OCT-2026,22550.0,CE,86.6,230.0,78.3,192.1,-5135975.0
NIFTY,06-OCT-2026,22550.0,PE,49.0,57.75,0.05,0.5,4188275.0
NIFTY,06-OCT-2026,22600.0,CE,57.85,178.0,52.35,139.05,-7975630.0
NIFTY,06-OCT-2026,22600.0,PE,79.0,83.9,0.05,0.8,9449375.0
NIFTY,06-OCT-2026,22650.0,CE,49.0,126.65,33.0,89.55,-3688230.0
NIFTY,06-OCT-2026,22650.0,PE,115.0,127.6,0.05,1.9,12611625.0
NIFTY,06-OCT-2026,22700.0,CE,20.0,76.35,19.7,44.05,-2788890.0
NIFTY,06-OCT-2026,22700.0,PE,145.0,152.8,0.05,5.65,24244415.0
NIFTY,06-OCT-2026,22750.0,CE,9.0,36.7,4.75,13.25,2812940.0
NIFTY,06-OCT-2026,22750.0,PE,182.0,192.15,0.05,13.25,17769310.0
NIFTY,06-OCT-2026,22800.0,CE,6.25,18.9,0.05,1.35,7701005.0
NIFTY,06-OCT-2026,22800.0,PE,223.0,235.8,23.65,47.75,4122820.0
NIFTY,06-OCT-2026,22850.0,CE,7.4,8.95,0.05,0.45,2129075.0
NIFTY,06-OCT-2026,22850.0,PE,285.0,285.0,73.6,100.2,793975.0
NIFTY,06-OCT-2026,22900.0,CE,2.05,4.75,0.05,0.25,111345.0
NIFTY,06-OCT-2026,22900.0,PE,309.65,331.45,123.45,154.35,381940.0
NIFTY,06-OCT-2026,22950.0,CE,1.9,2.75,0.05,0.2,70850.0
NIFTY,06-OCT-2026,22950.0,PE,332.0,380.1,173.35,204.0,-94055.0
NIFTY,06-OCT-2026,23000.0,CE,1.65,1.95,0.05,0.2,-1526785.0
NIFTY,06-OCT-2026,23000.0,PE,412.95,429.0,222.0,250.0,-276900.0
NIFTY,06-OCT-2026,23050.0,CE,1.5,1.5,0.05,0.15,9945.0
NIFTY,06-OCT-2026,23050.0,PE,446.4,478.2,273.15,306.1,-40690.0
NIFTY,06-OCT-2026,23100.0,CE,0.85,1.2,0.05,0.1,-101530.0
NIFTY,06-OCT-2026,23100.0,PE,514.45,529.85,322.7,354.95,-129155.0
NIFTY,06-OCT-2026,23150.0,CE,1.0,1.0,0.05,0.1,-345605.0
NIFTY,06-OCT-2026,23150.0,PE,565.15,575.1,372.55,399.15,-14755.0
NIFTY,06-OCT-2026,23200.0,CE,0.75,0.9,0.05,0.1,293735.0
NIFTY,06-OCT-2026,23200.0,PE,602.0,627.65,422.35,445.3,-44135.0
NIFTY,06-OCT-2026,23250.0,CE,0.7,0.8,0.05,0.05,-298610.0
NIFTY,06-OCT-2026,23250.0,PE,674.15,675.35,473.0,497.35,-95485.0
NIFTY,06-OCT-2026,23300.0,CE,0.6,0.7,0.05,0.05,-1772810.0
NIFTY,06-OCT-2026,23300.0,PE,703.1,726.95,522.25,563.9,-137020.0
NIFTY,06-OCT-2026,23350.0,CE,0.6,0.7,0.05,0.05,-34060.0
NIFTY,06-OCT-2026,23350.0,PE,775.0,778.0,573.1,605.7,-13910.0
NIFTY,06-OCT-2026,23400.0,CE,0.5,0.65,0.05,0.05,-446160.0
NIFTY,06-OCT-2026,23400.0,PE,822.0,823.25,622.05,665.2,-14430.0
NIFTY,06-OCT-2026,23450.0,CE,0.55,0.65,0.05,0.05,-84305.0
NIFTY,06-OCT-2026,23450.0,PE,850.0,850.0,672.5,708.7,-6630.0
NIFTY,06-OCT-2026,23500.0,CE,0.6,0.6,0.05,0.05,-3415360.0
NIFTY,06-OCT-2026,23500.0,PE,920.05,924.0,721.95,754.25,-310570.0
NIFTY,06-OCT-2026,23550.0,CE,0.5,0.55,0.05,0.05,-163995.0
NIFTY,06-OCT-2026,23550.0,PE,994.85,994.85,772.85,796.35,-4810.0
NIFTY,06-OCT-2026,23600.0,CE,0.5,0.55,0.05,0.05,-979615.0
NIFTY,06-OCT-2026,23600.0,PE,1049.1,1049.1,823.05,860.8,-21255.0
NIFTY,06-OCT-2026,23650.0,CE,0.3,0.6,0.05,0.05,-68185.0
NIFTY,06-OCT-2026,23650.0,PE,1054.0,1055.0,874.45,901.35,-36075.0
NIFTY,06-OCT-2026,23700.0,CE,0.4,0.55,0.05,0.05,-894465.0
NIFTY,06-OCT-2026,23700.0,PE,1120.05,1126.35,922.6,952.55,-20410.0
NIFTY,06-OCT-2026,23750.0,CE,0.55,0.55,0.05,0.05,44655.0
NIFTY,06-OCT-2026,23750.0,PE,1163.3,1163.3,972.65,996.1,2275.0
NIFTY,06-OCT-2026,23800.0,CE,0.35,0.4,0.05,0.05,-1395420.0
NIFTY,06-OCT-2026,23800.0,PE,1200.0,1230.0,1024.6,1053.65,-41080.0
NIFTY,06-OCT-2026,23850.0,CE,0.35,0.4,0.05,0.05,-20995.0
NIFTY,06-OCT-2026,23850.0,PE,1260.05,1260.05,1074.95,1112.35,-585.0
NIFTY,06-OCT-2026,23900.0,CE,0.35,0.4,0.05,0.05,-1177670.0
NIFTY,06-OCT-2026,23900.0,PE,1310.0,1320.0,1121.05,1146.2,-39260.0
NIFTY,06-OCT-2026,23950.0,CE,0.3,0.35,0.05,0.05,-537095.0
NIFTY,06-OCT-2026,23950.0,PE,1360.0,1404.5,1174.55,1174.65,-26390.0
NIFTY,06-OCT-2026,24000.0,CE,0.35,0.4,0.05,0.05,-2298985.0
NIFTY,06-OCT-2026,24000.0,PE,1400.0,1429.65,1221.45,1254.0,-186420.0
NIFTY,06-OCT-2026,24050.0,CE,0.35,0.4,0.05,0.05,-262925.0
NIFTY,06-OCT-2026,24050.0,PE,1429.85,1460.5,1340.0,1340.0,-715.0
NIFTY,06-OCT-2026,24100.0,CE,0.3,0.35,0.05,0.05,-670995.0
NIFTY,06-OCT-2026,24100.0,PE,1503.4,1528.85,1324.5,1359.9,-16055.0
NIFTY,06-OCT-2026,24150.0,CE,0.3,0.35,0.05,0.05,-188305.0
NIFTY,06-OCT-2026,24150.0,PE,1500.0,1500.0,1410.0,1422.2,-455.0
NIFTY,06-OCT-2026,24200.0,CE,0.3,0.35,0.05,0.05,-585650.0
NIFTY,06-OCT-2026,24200.0,PE,1648.05,1648.05,1424.65,1448.95,-18655.0
NIFTY,06-OCT-2026,24250.0,CE,0.4,0.4,0.05,0.05,-123695.0
NIFTY,06-OCT-2026,24250.0,PE,1599.95,1600.0,1466.4,1493.85,-390.0
NIFTY,06-OCT-2026,24300.0,CE,0.35,0.35,0.05,0.05,-611910.0
NIFTY,06-OCT-2026,24300.0,PE,1800.6,1800.6,1526.9,1540.6,-19370.0
NIFTY,06-OCT-2026,24350.0,CE,0.3,0.3,0.05,0.05,-32045.0
NIFTY,06-OCT-2026,24350.0,PE,1711.45,1772.9,1580.0,1580.0,-130.0
NIFTY,06-OCT-2026,24400.0,CE,0.15,0.3,0.05,0.05,-426660.0
NIFTY,06-OCT-2026,24400.0,PE,1889.95,1889.95,1627.4,1657.25,-13195.0
NIFTY,06-OCT-2026,24450.0,CE,0.35,0.45,0.05,0.05,-28730.0
NIFTY,06-OCT-2026,24450.0,PE,1954.2,1954.2,1730.15,1761.4,-845.0
NIFTY,06-OCT-2026,24500.0,CE,0.35,0.35,0.05,0.05,-496080.0
NIFTY,06-OCT-2026,24500.0,PE,1947.35,1947.35,1725.0,1768.55,-119795.0
NIFTY,06-OCT-2026,24550.0,CE,0.3,0.3,0.05,0.05,-38610.0
NIFTY,06-OCT-2026,24550.0,PE,1946.05,1946.05,1841.55,1841.55,-65.0
NIFTY,06-OCT-2026,24600.0,CE,0.3,0.35,0.05,0.05,-59215.0
NIFTY,06-OCT-2026,24600.0,PE,1947.4,1961.65,1682.1,1766.7,-1105.0
NIFTY,06-OCT-2026,24650.0,CE,0.2,0.3,0.05,0.05,-1950.0
NIFTY,06-OCT-2026,24650.0,PE,2060.0,2060.0,1889.6,1969.7,65.0
NIFTY,06-OCT-2026,24700.0,CE,0.4,0.4,0.05,0.05,-28015.0
NIFTY,06-OCT-2026,24700.0,PE,2065.0,2065.0,2000.0,2000.0,-455.0
NIFTY,06-OCT-2026,24750.0,CE,0.25,0.35,0.05,0.05,-45240.0
NIFTY,06-OCT-2026,24750.0,PE,0.0,0.0,0.0,2266.6,0.0
NIFTY,06-OCT-2026,24800.0,CE,0.4,0.4,0.05,0.1,-72020.0
NIFTY,06-OCT-2026,24800.0,PE,2170.0,2170.0,2060.6,2083.1,-2925.0
NIFTY,06-OCT-2026,24850.0,CE,0.25,0.45,0.05,0.05,28470.0
NIFTY,06-OCT-2026,24850.0,PE,2150.0,2150.0,2150.0,2150.0,0.0
NIFTY,06-OCT-2026,24900.0,CE,0.25,0.35,0.05,0.05,-109330.0
NIFTY,06-OCT-2026,24900.0,PE,2250.0,2250.0,2250.0,2250.0,-65.0
NIFTY,06-OCT-2026,24950.0,CE,0.25,0.35,0.05,0.1,15730.0
NIFTY,06-OCT-2026,24950.0,PE,0.0,0.0,0.0,1475.85,0.0
NIFTY,06-OCT-2026,25000.0,CE,0.25,0.25,0.05,0.05,-133510.0
NIFTY,06-OCT-2026,25000.0,PE,2450.0,2450.0,2224.85,2266.3,-12220.0
NIFTY,06-OCT-2026,25050.0,CE,0.3,0.35,0.05,0.05,18135.0
NIFTY,06-OCT-2026,25050.0,PE,0.0,0.0,0.0,2530.0,0.0
NIFTY,06-OCT-2026,25100.0,CE,0.3,0.35,0.05,0.05,3120.0
NIFTY,06-OCT-2026,25100.0,PE,2410.0,2410.0,2390.0,2390.0,-390.0
NIFTY,06-OCT-2026,25150.0,CE,0.35,0.75,0.05,0.05,17810.0
NIFTY,06-OCT-2026,25150.0,PE,0.0,0.0,0.0,1102.0,0.0
NIFTY,06-OCT-2026,25200.0,CE,0.25,0.25,0.05,0.05,-6500.0
NIFTY,06-OCT-2026,25200.0,PE,2500.0,2500.0,2500.0,2500.0,-260.0
NIFTY,06-OCT-2026,25250.0,CE,0.45,0.5,0.05,0.1,55250.0
NIFTY,06-OCT-2026,25250.0,PE,2565.0,2565.0,2565.0,2565.0,-520.0
NIFTY,06-OCT-2026,25300.0,CE,0.35,0.35,0.05,0.05,-195.0
NIFTY,06-OCT-2026,25300.0,PE,0.0,0.0,0.0,2700.0,0.0
NIFTY,06-OCT-2026,25350.0,CE,0.3,0.4,0.05,0.1,29705.0
NIFTY,06-OCT-2026,25350.0,PE,0.0,0.0,0.0,2750.0,0.0
NIFTY,06-OCT-2026,25400.0,CE,0.3,0.35,0.05,0.1,12740.0
NIFTY,06-OCT-2026,25400.0,PE,2810.0,2810.0,2715.0,2721.0,-715.0
NIFTY,06-OCT-2026,25450.0,CE,0.35,0.35,0.05,0.05,17290.0
NIFTY,06-OCT-2026,25450.0,PE,0.0,0.0,0.0,1346.9,0.0
NIFTY,06-OCT-2026,25500.0,CE,0.25,0.3,0.05,0.05,-108810.0
NIFTY,06-OCT-2026,25500.0,PE,2920.55,2920.55,2725.05,2728.3,-11895.0
NIFTY,06-OCT-2026,25550.0,CE,0.35,0.35,0.05,0.05,12870.0
NIFTY,06-OCT-2026,25550.0,PE,0.0,0.0,0.0,1432.35,0.0
NIFTY,06-OCT-2026,25600.0,CE,0.25,0.4,0.05,0.1,5200.0
NIFTY,06-OCT-2026,25600.0,PE,2930.55,2930.55,2930.55,2930.55,-130.0
NIFTY,06-OCT-2026,25650.0,CE,0.25,0.3,0.05,0.05,24960.0
NIFTY,06-OCT-2026,25650.0,PE,0.0,0.0,0.0,3160.0,0.0
NIFTY,06-OCT-2026,25700.0,CE,0.25,0.3,0.05,0.05,21840.0
NIFTY,06-OCT-2026,25700.0,PE,2990.0,2990.0,2965.0,2973.2,-455.0
NIFTY,06-OCT-2026,25750.0,CE,0.35,0.35,0.05,0.1,76635.0
NIFTY,06-OCT-2026,25750.0,PE,3150.0,3150.0,3150.0,3150.0,0.0
NIFTY,06-OCT-2026,25800.0,CE,0.25,0.25,0.05,0.05,-44460.0
NIFTY,06-OCT-2026,25800.0,PE,3180.0,3180.0,3071.0,3082.5,-2015.0
NIFTY,13-OCT-2026,20050.0,CE,0.0,0.0,0.0,3696.8,0.0
NIFTY,13-OCT-2026,20050.0,PE,2.75,2.75,1.3,1.45,489125.0
NIFTY,13-OCT-2026,20100.0,CE,0.0,0.0,0.0,3647.1,0.0
NIFTY,13-OCT-2026,20100.0,PE,2.65,2.7,1.4,1.55,322920.0
NIFTY,13-OCT-2026,20150.0,CE,0.0,0.0,0.0,3597.35,0.0
NIFTY,13-OCT-2026,20150.0,PE,3.0,3.0,1.4,1.5,1170.0
NIFTY,13-OCT-2026,20200.0,CE,0.0,0.0,0.0,3547.7,0.0
NIFTY,13-OCT-2026,20200.0,PE,3.2,3.2,1.4,1.6,318825.0
NIFTY,13-OCT-2026,20250.0,CE,0.0,0.0,0.0,3498.0,0.0
NIFTY,13-OCT-2026,20250.0,PE,3.3,3.3,1.45,1.65,-975.0
NIFTY,13-OCT-2026,20300.0,CE,0.0,0.0,0.0,3448.3,0.0
NIFTY,13-OCT-2026,20300.0,PE,2.75,2.85,1.45,1.6,25090.0
NIFTY,13-OCT-2026,20350.0,CE,0.0,0.0,0.0,3398.6,0.0
NIFTY,13-OCT-2026,20350.0,PE,3.6,3.6,1.5,1.7,-7085.0
NIFTY,13-OCT-2026,20400.0,CE,0.0,0.0,0.0,3348.95,0.0
NIFTY,13-OCT-2026,20400.0,PE,3.0,3.15,1.5,1.7,-47385.0
NIFTY,13-OCT-2026,20450.0,CE,0.0,0.0,0.0,3299.3,0.0
NIFTY,13-OCT-2026,20450.0,PE,4.6,4.6,1.5,1.75,6045.0
NIFTY,13-OCT-2026,20500.0,CE,2230.0,2230.0,2230.0,2230.0,65.0
NIFTY,13-OCT-2026,20500.0,PE,3.45,3.45,1.6,1.75,85930.0
NIFTY,13-OCT-2026,20550.0,CE,0.0,0.0,0.0,3200.0,0.0
NIFTY,13-OCT-2026,20550.0,PE,2.4,3.15,1.6,1.65,12480.0
NIFTY,13-OCT-2026,20600.0,CE,0.0,0.0,0.0,3150.35,0.0
NIFTY,13-OCT-2026,20600.0,PE,4.35,4.35,1.7,1.8,7735.0
NIFTY,13-OCT-2026,20650.0,CE,0.0,0.0,0.0,3100.75,0.0
NIFTY,13-OCT-2026,20650.0,PE,2.75,2.95,1.65,1.8,-4550.0
NIFTY,13-OCT-2026,20700.0,CE,0.0,0.0,0.0,3051.15,0.0
NIFTY,13-OCT-2026,20700.0,PE,3.1,3.35,1.75,1.9,80665.0
NIFTY,13-OCT-2026,20750.0,CE,0.0,0.0,0.0,3001.55,0.0
NIFTY,13-OCT-2026,20750.0,PE,2.65,3.6,1.7,1.95,10270.0
NIFTY,13-OCT-2026,20800.0,CE,0.0,0.0,0.0,2952.0,0.0
NIFTY,13-OCT-2026,20800.0,PE,4.95,4.95,1.8,2.05,533325.0
NIFTY,13-OCT-2026,20850.0,CE,0.0,0.0,0.0,2902.5,0.0
NIFTY,13-OCT-2026,20850.0,PE,2.75,7.85,1.95,2.15,29900.0
NIFTY,13-OCT-2026,20900.0,CE,0.0,0.0,0.0,2853.0,0.0
NIFTY,13-OCT-2026,20900.0,PE,4.1,4.25,1.85,2.15,31720.0
NIFTY,13-OCT-2026,20950.0,CE,0.0,0.0,0.0,2803.55,0.0
NIFTY,13-OCT-2026,20950.0,PE,5.05,5.5,1.95,2.3,6760.0
NIFTY,13-OCT-2026,21000.0,CE,0.0,0.0,0.0,1562.7,0.0
NIFTY,13-OCT-2026,21000.0,PE,5.25,5.25,2.1,2.4,1843725.0
NIFTY,13-OCT-2026,21050.0,CE,0.0,0.0,0.0,2704.75,0.0
NIFTY,13-OCT-2026,21050.0,PE,6.4,6.45,1.65,2.35,6370.0
NIFTY,13-OCT-2026,21100.0,CE,0.0,0.0,0.0,2655.45,0.0
NIFTY,13-OCT-2026,21100.0,PE,4.9,5.1,2.2,2.5,165425.0
NIFTY,13-OCT-2026,21150.0,CE,0.0,0.0,0.0,2606.15,0.0
NIFTY,13-OCT-2026,21150.0,PE,5.45,5.45,2.3,2.6,-48100.0
NIFTY,13-OCT-2026,21200.0,CE,0.0,0.0,0.0,2556.95,0.0
NIFTY,13-OCT-2026,21200.0,PE,6.3,6.7,2.4,2.75,-117715.0
NIFTY,13-OCT-2026,21250.0,CE,0.0,0.0,0.0,2507.8,0.0
NIFTY,13-OCT-2026,21250.0,PE,5.55,6.4,2.4,2.85,-81315.0
NIFTY,13-OCT-2026,21300.0,CE,0.0,0.0,0.0,1191.35,0.0
NIFTY,13-OCT-2026,21300.0,PE,6.95,7.15,2.65,3.05,283530.0
NIFTY,13-OCT-2026,21350.0,CE,0.0,0.0,0.0,1145.85,0.0
NIFTY,13-OCT-2026,21350.0,PE,7.05,7.9,2.85,3.35,29185.0
NIFTY,13-OCT-2026,21400.0,CE,0.0,0.0,0.0,1171.85,0.0
NIFTY,13-OCT-2026,21400.0,PE,8.75,8.75,2.85,3.55,667225.0
NIFTY,13-OCT-2026,21450.0,CE,0.0,0.0,0.0,1078.85,0.0
NIFTY,13-OCT-2026,21450.0,PE,9.45,9.5,3.15,3.85,-8645.0
NIFTY,13-OCT-2026,21500.0,CE,1110.0,1276.8,1105.8,1242.65,1430.0
NIFTY,13-OCT-2026,21500.0,PE,10.95,10.95,3.65,4.3,3599310.0
NIFTY,13-OCT-2026,21550.0,CE,0.0,0.0,0.0,1068.55,0.0
NIFTY,13-OCT-2026,21550.0,PE,12.4,12.4,3.9,4.6,17160.0
NIFTY,13-OCT-2026,21600.0,CE,0.0,0.0,0.0,985.7,0.0
NIFTY,13-OCT-2026,21600.0,PE,13.0,13.55,4.25,4.95,192270.0
NIFTY,13-OCT-2026,21650.0,CE,0.0,0.0,0.0,949.6,0.0
NIFTY,13-OCT-2026,21650.0,PE,14.05,14.55,4.65,5.3,291720.0
NIFTY,13-OCT-2026,21700.0,CE,1030.0,1030.0,1030.0,1030.0,65.0
NIFTY,13-OCT-2026,21700.0,PE,19.0,19.75,5.15,5.8,1766050.0
NIFTY,13-OCT-2026,21750.0,CE,0.0,0.0,0.0,859.45,0.0
NIFTY,13-OCT-2026,21750.0,PE,19.85,19.85,5.9,6.5,287690.0
NIFTY,13-OCT-2026,21800.0,CE,819.15,970.0,811.2,954.3,-6175.0
NIFTY,13-OCT-2026,21800.0,PE,24.7,24.75,6.6,7.4,913770.0
NIFTY,13-OCT-2026,21850.0,CE,0.0,0.0,0.0,641.25,0.0
NIFTY,13-OCT-2026,21850.0,PE,27.8,27.8,7.65,8.35,484250.0
NIFTY,13-OCT-2026,21900.0,CE,763.5,871.8,762.9,849.3,390.0
NIFTY,13-OCT-2026,21900.0,PE,23.3,27.55,8.7,9.45,1397305.0
NIFTY,13-OCT-2026,21950.0,CE,649.6,799.4,649.6,799.4,0.0
NIFTY,13-OCT-2026,21950.0,PE,31.7,31.7,10.05,10.85,355680.0
NIFTY,13-OCT-2026,22000.0,CE,644.45,792.0,619.8,761.6,56485.0
NIFTY,13-OCT-2026,22000.0,PE,35.05,39.95,11.75,12.4,1863420.0
NIFTY,13-OCT-2026,22050.0,CE,600.0,725.0,600.0,711.05,-1040.0
NIFTY,13-OCT-2026,22050.0,PE,45.0,45.0,13.5,14.45,491010.0
NIFTY,13-OCT-2026,22100.0,CE,529.5,695.0,529.5,656.95,6760.0
NIFTY,13-OCT-2026,22100.0,PE,49.95,49.95,15.7,17.0,1081015.0
NIFTY,13-OCT-2026,22150.0,CE,510.05,633.35,495.15,612.25,-3575.0
NIFTY,13-OCT-2026,22150.0,PE,50.05,55.5,18.05,19.6,404820.0
NIFTY,13-OCT-2026,22200.0,CE,464.6,601.0,450.0,569.2,4875.0
NIFTY,13-OCT-2026,22200.0,PE,69.75,69.75,21.15,22.95,1211080.0
NIFTY,13-OCT-2026,22250.0,CE,408.05,550.0,408.0,522.1,-4225.0
NIFTY,13-OCT-2026,22250.0,PE,83.35,83.35,25.2,27.3,401895.0
NIFTY,13-OCT-2026,22300.0,CE,400.05,515.0,370.0,477.2,-42900.0
NIFTY,13-OCT-2026,22300.0,PE,91.75,91.75,30.1,32.35,1935440.0
NIFTY,13-OCT-2026,22350.0,CE,350.0,468.6,333.8,434.3,-18980.0
NIFTY,13-OCT-2026,22350.0,PE,93.8,97.05,35.75,39.0,327665.0
NIFTY,13-OCT-2026,22400.0,CE,310.15,429.5,297.45,391.9,-107185.0
NIFTY,13-OCT-2026,22400.0,PE,105.55,111.55,42.7,46.75,1006525.0
NIFTY,13-OCT-2026,22450.0,CE,275.1,387.7,262.95,352.1,-63895.0
NIFTY,13-OCT-2026,22450.0,PE,131.1,131.1,50.75,55.4,1387750.0
NIFTY,13-OCT-2026,22500.0,CE,250.0,350.0,231.4,312.3,13260.0
NIFTY,13-OCT-2026,22500.0,PE,144.0,148.5,60.8,66.15,2576210.0
NIFTY,13-OCT-2026,22550.0,CE,206.7,312.35,201.5,274.9,-99840.0
NIFTY,13-OCT-2026,22550.0,PE,184.25,184.3,72.85,79.8,631085.0
NIFTY,13-OCT-2026,22600.0,CE,189.3,276.75,174.0,240.05,-1560.0
NIFTY,13-OCT-2026,22600.0,PE,180.0,187.1,87.3,94.9,2395770.0
NIFTY,13-OCT-2026,22650.0,CE,210.2,244.0,149.2,208.25,143065.0
NIFTY,13-OCT-2026,22650.0,PE,199.75,212.4,103.05,111.7,905775.0
NIFTY,13-OCT-2026,22700.0,CE,174.0,210.0,126.2,178.0,2294045.0
NIFTY,13-OCT-2026,22700.0,PE,255.4,255.45,122.75,132.3,3814330.0
NIFTY,13-OCT-2026,22750.0,CE,119.9,180.9,106.05,151.15,1175005.0
NIFTY,13-OCT-2026,22750.0,PE,318.55,318.55,142.85,154.05,891085.0
NIFTY,13-OCT-2026,22800.0,CE,99.0,153.2,88.15,125.75,1954550.0
NIFTY,13-OCT-2026,22800.0,PE,278.05,299.4,168.55,179.0,1250275.0
NIFTY,13-OCT-2026,22850.0,CE,86.5,128.9,73.05,104.3,311415.0
NIFTY,13-OCT-2026,22850.0,PE,297.4,334.55,194.85,207.1,80600.0
NIFTY,13-OCT-2026,22900.0,CE,61.8,106.4,59.1,84.6,975845.0
NIFTY,13-OCT-2026,22900.0,PE,354.5,369.1,225.0,237.3,579540.0
NIFTY,13-OCT-2026,22950.0,CE,54.95,87.3,47.95,68.05,411710.0
NIFTY,13-OCT-2026,22950.0,PE,392.15,401.0,258.05,268.1,195000.0
NIFTY,13-OCT-2026,23000.0,CE,45.0,70.5,38.75,54.0,1765010.0
NIFTY,13-OCT-2026,23000.0,PE,448.0,448.85,292.5,304.6,504985.0
NIFTY,13-OCT-2026,23050.0,CE,36.6,56.65,31.15,42.4,359970.0
NIFTY,13-OCT-2026,23050.0,PE,486.45,488.05,329.7,343.7,31655.0
NIFTY,13-OCT-2026,23100.0,CE,28.5,43.9,24.85,32.75,2413580.0
NIFTY,13-OCT-2026,23100.0,PE,534.4,534.4,366.75,383.1,178295.0
NIFTY,13-OCT-2026,23150.0,CE,23.25,34.4,20.1,25.45,190515.0
NIFTY,13-OCT-2026,23150.0,PE,537.75,537.75,409.55,425.95,5655.0
NIFTY,13-OCT-2026,23200.0,CE,21.95,26.6,16.2,19.3,1878630.0
NIFTY,13-OCT-2026,23200.0,PE,601.2,624.2,450.0,470.2,64480.0
NIFTY,13-OCT-2026,23250.0,CE,15.9,20.15,13.0,15.05,317395.0
NIFTY,13-OCT-2026,23250.0,PE,662.15,663.05,500.1,510.35,139165.0
NIFTY,13-OCT-2026,23300.0,CE,13.8,20.0,9.9,11.45,1175395.0
NIFTY,13-OCT-2026,23300.0,PE,709.0,720.0,539.0,563.0,81900.0
NIFTY,13-OCT-2026,23350.0,CE,10.9,11.85,7.65,8.85,268580.0
NIFTY,13-OCT-2026,23350.0,PE,703.0,703.0,595.5,613.0,65.0
NIFTY,13-OCT-2026,23400.0,CE,8.05,9.3,5.85,6.85,1218750.0
NIFTY,13-OCT-2026,23400.0,PE,813.9,813.9,632.05,661.4,96460.0
NIFTY,13-OCT-2026,23450.0,CE,7.9,7.9,4.8,5.5,215800.0
NIFTY,13-OCT-2026,23450.0,PE,793.3,800.0,689.45,704.6,2210.0
NIFTY,13-OCT-2026,23500.0,CE,6.0,7.1,3.8,4.5,2880020.0
NIFTY,13-OCT-2026,23500.0,PE,905.95,913.0,729.0,756.8,118690.0
NIFTY,13-OCT-2026,23550.0,CE,5.3,5.75,3.25,3.6,232115.0
NIFTY,13-OCT-2026,23550.0,PE,900.0,900.0,775.55,809.15,23985.0
NIFTY,13-OCT-2026,23600.0,CE,6.0,6.0,2.7,3.05,1226420.0
NIFTY,13-OCT-2026,23600.0,PE,1002.0,1002.6,827.0,856.05,10855.0
NIFTY,13-OCT-2026,23650.0,CE,4.7,4.7,2.4,2.65,153270.0
NIFTY,13-OCT-2026,23650.0,PE,1040.0,1040.0,888.0,898.65,715.0
NIFTY,13-OCT-2026,23700.0,CE,4.15,4.15,2.0,2.15,933010.0
NIFTY,13-OCT-2026,23700.0,PE,1116.35,1116.4,922.2,954.25,10205.0
NIFTY,13-OCT-2026,23750.0,CE,3.5,3.5,1.85,1.95,114790.0
NIFTY,13-OCT-2026,23750.0,PE,1074.75,1074.75,1003.0,1010.9,130.0
NIFTY,13-OCT-2026,23800.0,CE,3.15,3.15,1.6,1.7,408265.0
NIFTY,13-OCT-2026,23800.0,PE,1190.0,1190.0,1020.7,1050.9,12155.0
NIFTY,13-OCT-2026,23850.0,CE,2.9,2.9,1.3,1.5,779025.0
NIFTY,13-OCT-2026,23850.0,PE,1230.0,1230.0,1116.85,1116.85,390.0
NIFTY,13-OCT-2026,23900.0,CE,2.65,2.65,1.2,1.4,1040780.0
NIFTY,13-OCT-2026,23900.0,PE,1295.0,1295.0,1131.25,1148.1,6565.0
NIFTY,13-OCT-2026,23950.0,CE,1.55,2.0,1.05,1.3,376805.0
NIFTY,13-OCT-2026,23950.0,PE,1280.5,1280.5,1176.75,1189.6,10660.0
NIFTY,13-OCT-2026,24000.0,CE,1.9,2.1,1.1,1.25,2124850.0
NIFTY,13-OCT-2026,24000.0,PE,1400.05,1400.95,1219.25,1250.85,146315.0
NIFTY,13-OCT-2026,24050.0,CE,1.55,1.6,0.9,1.1,304200.0
NIFTY,13-OCT-2026,24050.0,PE,0.0,0.0,0.0,1543.65,0.0
NIFTY,13-OCT-2026,24100.0,CE,1.5,1.5,0.85,0.95,315705.0
NIFTY,13-OCT-2026,24100.0,PE,1509.05,1511.6,1335.35,1348.0,13975.0
NIFTY,13-OCT-2026,24150.0,CE,1.25,1.25,0.8,0.95,-13325.0
NIFTY,13-OCT-2026,24150.0,PE,1393.65,1393.65,1382.2,1387.95,975.0
NIFTY,13-OCT-2026,24200.0,CE,1.05,1.15,0.75,0.85,7995.0
NIFTY,13-OCT-2026,24200.0,PE,1575.0,1575.0,1425.8,1443.95,10270.0
NIFTY,13-OCT-2026,24250.0,CE,1.05,1.05,0.75,0.9,-33410.0
NIFTY,13-OCT-2026,24250.0,PE,1540.0,1540.0,1530.0,1530.0,455.0
NIFTY,13-OCT-2026,24300.0,CE,1.0,1.0,0.75,0.85,-12025.0
NIFTY,13-OCT-2026,24300.0,PE,1700.05,1700.05,1524.95,1540.7,8450.0
NIFTY,13-OCT-2026,24350.0,CE,0.95,0.95,0.8,0.9,-15795.0
NIFTY,13-OCT-2026,24350.0,PE,1622.1,1632.05,1622.1,1632.05,130.0
NIFTY,13-OCT-2026,24400.0,CE,1.05,1.05,0.75,0.85,-158405.0
NIFTY,13-OCT-2026,24400.0,PE,1780.7,1780.7,1630.0,1649.5,7475.0
NIFTY,13-OCT-2026,24450.0,CE,0.9,0.95,0.7,0.8,1755.0
NIFTY,13-OCT-2026,24450.0,PE,1690.0,1690.0,1690.0,1690.0,195.0
NIFTY,13-OCT-2026,24500.0,CE,1.05,1.1,0.7,0.9,654940.0
NIFTY,13-OCT-2026,24500.0,PE,1889.95,1890.0,1719.0,1747.7,42510.0
NIFTY,13-OCT-2026,24550.0,CE,0.9,0.95,0.65,0.85,7085.0
NIFTY,13-OCT-2026,24550.0,PE,0.0,0.0,0.0,961.3,0.0
NIFTY,13-OCT-2026,24600.0,CE,0.95,0.95,0.65,0.8,-26195.0
NIFTY,13-OCT-2026,24600.0,PE,1890.0,1890.0,1821.65,1832.7,2275.0
NIFTY,13-OCT-2026,24650.0,CE,0.8,0.95,0.7,0.8,1560.0
NIFTY,13-OCT-2026,24650.0,PE,1870.0,1870.0,1870.0,1870.0,130.0
NIFTY,13-OCT-2026,24700.0,CE,0.8,0.9,0.65,0.75,2340.0
NIFTY,13-OCT-2026,24700.0,PE,1990.0,1990.0,1990.0,1990.0,260.0
NIFTY,13-OCT-2026,24750.0,CE,0.9,0.95,0.65,0.75,10140.0
NIFTY,13-OCT-2026,24750.0,PE,0.0,0.0,0.0,1115.1,0.0
NIFTY,13-OCT-2026,24800.0,CE,0.85,0.95,0.65,0.8,8710.0
NIFTY,13-OCT-2026,24800.0,PE,2070.0,2070.0,2000.0,2000.0,2145.0
NIFTY,13-OCT-2026,24850.0,CE,0.8,0.85,0.7,0.85,3380.0
NIFTY,13-OCT-2026,24850.0,PE,0.0,0.0,0.0,2405.15,0.0
NIFTY,13-OCT-2026,24900.0,CE,0.95,1.0,0.65,0.8,32435.0
NIFTY,13-OCT-2026,24900.0,PE,0.0,0.0,0.0,1237.05,0.0
NIFTY,13-OCT-2026,24950.0,CE,0.9,0.9,0.65,0.75,-325.0
NIFTY,13-OCT-2026,24950.0,PE,0.0,0.0,0.0,1278.75,0.0
NIFTY,13-OCT-2026,25000.0,CE,0.95,0.95,0.6,0.7,329810.0
NIFTY,13-OCT-2026,25000.0,PE,2409.65,2409.65,2216.9,2235.0,42445.0
NIFTY,13-OCT-2026,25050.0,CE,0.95,0.95,0.6,0.7,6110.0
NIFTY,13-OCT-2026,25050.0,PE,0.0,0.0,0.0,1363.6,0.0
NIFTY,13-OCT-2026,25100.0,CE,0.85,0.85,0.6,0.75,-1495.0
NIFTY,13-OCT-2026,25100.0,PE,2370.0,2375.0,2335.0,2335.0,455.0
NIFTY,13-OCT-2026,25150.0,CE,0.75,0.75,0.6,0.75,-4290.0
NIFTY,13-OCT-2026,25150.0,PE,0.0,0.0,0.0,1450.15,0.0
NIFTY,13-OCT-2026,25200.0,CE,0.85,0.85,0.55,0.65,7280.0
NIFTY,13-OCT-2026,25200.0,PE,2460.0,2476.2,2447.2,2447.2,260.0
NIFTY,13-OCT-2026,25250.0,CE,0.65,0.8,0.6,0.8,22230.0
NIFTY,13-OCT-2026,25250.0,PE,0.0,0.0,0.0,1538.35,0.0
NIFTY,13-OCT-2026,25300.0,CE,0.65,0.8,0.55,0.6,1170.0
NIFTY,13-OCT-2026,25300.0,PE,0.0,0.0,0.0,1583.0,0.0
NIFTY,13-OCT-2026,25350.0,CE,0.7,2.6,0.55,0.65,13130.0
NIFTY,13-OCT-2026,25350.0,PE,0.0,0.0,0.0,1628.0,0.0
NIFTY,13-OCT-2026,25400.0,CE,0.7,0.75,0.55,0.6,648310.0
NIFTY,13-OCT-2026,25400.0,PE,2775.0,2775.0,2620.0,2642.95,8190.0
NIFTY,19-OCT-2026,20050.0,CE,0.0,0.0,0.0,3178.5,0.0
NIFTY,19-OCT-2026,20050.0,PE,4.25,4.25,2.7,3.05,41210.0
NIFTY,19-OCT-2026,20100.0,CE,0.0,0.0,0.0,3128.8,0.0
NIFTY,19-OCT-2026,20100.0,PE,2.8,4.0,2.8,3.05,10790.0
NIFTY,19-OCT-2026,20150.0,CE,0.0,0.0,0.0,3079.15,0.0
NIFTY,19-OCT-2026,20150.0,PE,2.6,2.85,2.6,2.85,845.0
NIFTY,19-OCT-2026,20200.0,CE,0.0,0.0,0.0,3029.55,0.0
NIFTY,19-OCT-2026,20200.0,PE,2.85,3.95,2.75,2.95,780.0
NIFTY,19-OCT-2026,20250.0,CE,0.0,0.0,0.0,2979.9,0.0
NIFTY,19-OCT-2026,20250.0,PE,3.0,3.8,3.0,3.5,1300.0
NIFTY,19-OCT-2026,20300.0,CE,0.0,0.0,0.0,2930.35,0.0
NIFTY,19-OCT-2026,20300.0,PE,2.9,3.6,2.7,2.95,780.0
NIFTY,19-OCT-2026,20350.0,CE,0.0,0.0,0.0,2880.75,0.0
NIFTY,19-OCT-2026,20350.0,PE,3.0,3.2,2.8,2.8,650.0
NIFTY,19-OCT-2026,20400.0,CE,0.0,0.0,0.0,2831.2,0.0
NIFTY,19-OCT-2026,20400.0,PE,3.2,3.3,3.0,3.05,910.0
NIFTY,19-OCT-2026,20450.0,CE,0.0,0.0,0.0,2781.7,0.0
NIFTY,19-OCT-2026,20450.0,PE,5.65,6.5,2.8,3.65,2925.0
NIFTY,19-OCT-2026,20500.0,CE,0.0,0.0,0.0,2732.2,0.0
NIFTY,19-OCT-2026,20500.0,PE,8.0,8.0,3.55,3.75,297505.0
NIFTY,19-OCT-2026,20550.0,CE,0.0,0.0,0.0,2682.75,0.0
NIFTY,19-OCT-2026,20550.0,PE,6.35,6.35,3.5,3.5,975.0
NIFTY,19-OCT-2026,20600.0,CE,0.0,0.0,0.0,2633.35,0.0
NIFTY,19-OCT-2026,20600.0,PE,6.8,7.0,3.25,3.65,41340.0
NIFTY,19-OCT-2026,20650.0,CE,0.0,0.0,0.0,2584.0,0.0
NIFTY,19-OCT-2026,20650.0,PE,6.15,7.25,4.0,4.0,455.0
NIFTY,19-OCT-2026,20700.0,CE,0.0,0.0,0.0,2534.65,0.0
NIFTY,19-OCT-2026,20700.0,PE,8.0,9.4,3.4,3.75,41145.0
NIFTY,19-OCT-2026,20750.0,CE,0.0,0.0,0.0,2485.4,0.0
NIFTY,19-OCT-2026,20750.0,PE,6.2,6.2,4.5,5.4,520.0
NIFTY,19-OCT-2026,20800.0,CE,0.0,0.0,0.0,2436.25,0.0
NIFTY,19-OCT-2026,20800.0,PE,9.3,9.3,3.8,4.15,33280.0
NIFTY,19-OCT-2026,20850.0,CE,0.0,0.0,0.0,2387.15,0.0
NIFTY,19-OCT-2026,20850.0,PE,12.05,12.05,4.3,4.6,780.0
NIFTY,19-OCT-2026,20900.0,CE,0.0,0.0,0.0,2338.15,0.0
NIFTY,19-OCT-2026,20900.0,PE,10.65,10.65,4.4,4.6,43940.0
NIFTY,19-OCT-2026,20950.0,CE,0.0,0.0,0.0,2289.2,0.0
NIFTY,19-OCT-2026,20950.0,PE,10.5,10.5,5.2,6.15,2535.0
NIFTY,19-OCT-2026,21000.0,CE,0.0,0.0,0.0,1591.3,0.0
NIFTY,19-OCT-2026,21000.0,PE,12.95,13.0,5.2,5.75,87425.0
NIFTY,19-OCT-2026,21050.0,CE,0.0,0.0,0.0,2191.7,0.0
NIFTY,19-OCT-2026,21050.0,PE,11.7,11.7,6.25,6.25,585.0
NIFTY,19-OCT-2026,21100.0,CE,0.0,0.0,0.0,2143.1,0.0
NIFTY,19-OCT-2026,21100.0,PE,13.95,13.95,6.0,6.65,3965.0
NIFTY,19-OCT-2026,21150.0,CE,0.0,0.0,0.0,2094.65,0.0
NIFTY,19-OCT-2026,21150.0,PE,14.7,14.8,6.45,7.2,1430.0
NIFTY,19-OCT-2026,21200.0,CE,0.0,0.0,0.0,2046.4,0.0
NIFTY,19-OCT-2026,21200.0,PE,15.4,15.5,7.0,7.35,78780.0
NIFTY,19-OCT-2026,21250.0,CE,0.0,0.0,0.0,1998.25,0.0
NIFTY,19-OCT-2026,21250.0,PE,17.3,17.3,7.6,8.1,4940.0
NIFTY,19-OCT-2026,21300.0,CE,0.0,0.0,0.0,1950.35,0.0
NIFTY,19-OCT-2026,21300.0,PE,19.15,19.15,8.25,8.9,43875.0
NIFTY,19-OCT-2026,21350.0,CE,0.0,0.0,0.0,1902.6,0.0
NIFTY,19-OCT-2026,21350.0,PE,23.4,23.4,9.2,9.8,35880.0
NIFTY,19-OCT-2026,21400.0,CE,0.0,0.0,0.0,1444.1,0.0
NIFTY,19-OCT-2026,21400.0,PE,22.2,22.4,9.05,10.5,82225.0
NIFTY,19-OCT-2026,21450.0,CE,0.0,0.0,0.0,1807.8,0.0
NIFTY,19-OCT-2026,21450.0,PE,22.35,22.35,11.0,11.25,-195.0
NIFTY,19-OCT-2026,21500.0,CE,0.0,0.0,0.0,1760.75,0.0
NIFTY,19-OCT-2026,21500.0,PE,26.4,26.95,11.0,12.55,36855.0
NIFTY,19-OCT-2026,21550.0,CE,0.0,0.0,0.0,1714.0,0.0
NIFTY,19-OCT-2026,21550.0,PE,28.0,28.0,13.1,13.7,2080.0
NIFTY,19-OCT-2026,21600.0,CE,0.0,0.0,0.0,1667.5,0.0
NIFTY,19-OCT-2026,21600.0,PE,32.05,32.35,14.15,15.2,38545.0
NIFTY,19-OCT-2026,21650.0,CE,0.0,0.0,0.0,913.55,0.0
NIFTY,19-OCT-2026,21650.0,PE,37.2,43.85,16.1,16.9,-9425.0
NIFTY,19-OCT-2026,21700.0,CE,0.0,0.0,0.0,755.0,0.0
NIFTY,19-OCT-2026,21700.0,PE,38.95,39.2,17.5,18.85,123760.0
NIFTY,19-OCT-2026,21750.0,CE,0.0,0.0,0.0,1122.75,0.0
NIFTY,19-OCT-2026,21750.0,PE,42.6,42.75,19.15,20.25,-10205.0
NIFTY,19-OCT-2026,21800.0,CE,0.0,0.0,0.0,850.0,0.0
NIFTY,19-OCT-2026,21800.0,PE,47.2,47.5,21.4,23.1,20670.0
NIFTY,19-OCT-2026,21850.0,CE,0.0,0.0,0.0,1032.85,0.0
NIFTY,19-OCT-2026,21850.0,PE,51.8,52.3,24.5,26.6,390.0
NIFTY,19-OCT-2026,21900.0,CE,0.0,0.0,0.0,741.4,0.0
NIFTY,19-OCT-2026,21900.0,PE,60.45,60.45,25.25,28.45,-2665.0
NIFTY,19-OCT-2026,21950.0,CE,0.0,0.0,0.0,656.0,0.0
NIFTY,19-OCT-2026,21950.0,PE,63.15,63.8,29.15,31.2,24440.0
NIFTY,19-OCT-2026,22000.0,CE,683.3,826.05,683.3,802.5,3315.0
NIFTY,19-OCT-2026,22000.0,PE,70.0,71.7,33.35,35.45,164125.0
NIFTY,19-OCT-2026,22050.0,CE,0.0,0.0,0.0,555.75,0.0
NIFTY,19-OCT-2026,22050.0,PE,77.55,77.55,38.35,39.4,16250.0
NIFTY,19-OCT-2026,22100.0,CE,0.0,0.0,0.0,606.2,0.0
NIFTY,19-OCT-2026,22100.0,PE,84.85,86.55,42.0,44.15,41080.0
NIFTY,19-OCT-2026,22150.0,CE,565.1,682.35,565.1,665.9,390.0
NIFTY,19-OCT-2026,22150.0,PE,96.0,96.0,47.9,49.8,5395.0
NIFTY,19-OCT-2026,22200.0,CE,535.8,649.15,526.3,623.0,1040.0
NIFTY,19-OCT-2026,22200.0,PE,103.95,105.5,53.15,56.35,114205.0
NIFTY,19-OCT-2026,22250.0,CE,514.3,609.0,514.3,586.7,-1170.0
NIFTY,19-OCT-2026,22250.0,PE,110.15,115.7,58.0,63.3,13585.0
NIFTY,19-OCT-2026,22300.0,CE,458.65,573.8,437.8,540.75,-520.0
NIFTY,19-OCT-2026,22300.0,PE,122.2,129.1,67.25,70.95,84630.0
NIFTY,19-OCT-2026,22350.0,CE,410.4,525.0,410.25,500.0,-585.0
NIFTY,19-OCT-2026,22350.0,PE,153.2,153.2,76.5,79.9,10855.0
NIFTY,19-OCT-2026,22400.0,CE,371.75,482.95,368.25,458.3,-3510.0
NIFTY,19-OCT-2026,22400.0,PE,157.2,158.8,86.0,90.85,19110.0
NIFTY,19-OCT-2026,22450.0,CE,338.75,439.0,338.75,424.75,-2340.0
NIFTY,19-OCT-2026,22450.0,PE,164.15,173.2,97.6,102.25,2275.0
NIFTY,19-OCT-2026,22500.0,CE,325.0,417.7,307.0,383.25,-3575.0
NIFTY,19-OCT-2026,22500.0,PE,186.15,194.45,108.05,115.7,39000.0
NIFTY,19-OCT-2026,22550.0,CE,300.0,380.75,276.5,349.2,-7150.0
NIFTY,19-OCT-2026,22550.0,PE,203.9,211.45,123.3,129.7,9685.0
NIFTY,19-OCT-2026,22600.0,CE,262.05,346.3,246.7,313.25,-37635.0
NIFTY,19-OCT-2026,22600.0,PE,221.45,234.05,138.4,145.5,83785.0
NIFTY,19-OCT-2026,22650.0,CE,229.85,312.5,222.25,284.05,7475.0
NIFTY,19-OCT-2026,22650.0,PE,260.2,260.25,155.2,162.75,18590.0
NIFTY,19-OCT-2026,22700.0,CE,211.6,282.0,197.45,251.7,143325.0
NIFTY,19-OCT-2026,22700.0,PE,256.05,285.15,175.05,183.5,395785.0
NIFTY,19-OCT-2026,22750.0,CE,181.5,252.5,176.0,225.15,10465.0
NIFTY,19-OCT-2026,22750.0,PE,301.1,307.2,194.1,204.45,26455.0
NIFTY,19-OCT-2026,22800.0,CE,165.75,224.0,152.9,198.85,57590.0
NIFTY,19-OCT-2026,22800.0,PE,331.5,335.95,216.45,230.0,151385.0
NIFTY,19-OCT-2026,22850.0,CE,134.95,196.0,134.5,173.2,13845.0
NIFTY,19-OCT-2026,22850.0,PE,357.55,361.85,241.45,253.3,3900.0
NIFTY,19-OCT-2026,22900.0,CE,117.8,174.6,116.0,151.0,71240.0
NIFTY,19-OCT-2026,22900.0,PE,382.05,382.55,269.0,282.3,82030.0
NIFTY,19-OCT-2026,22950.0,CE,104.2,150.0,102.6,130.55,22165.0
NIFTY,19-OCT-2026,22950.0,PE,435.5,435.5,297.45,308.8,2990.0
NIFTY,19-OCT-2026,23000.0,CE,98.85,131.55,86.55,112.55,235040.0
NIFTY,19-OCT-2026,23000.0,PE,464.8,465.0,326.2,338.75,38870.0
NIFTY,19-OCT-2026,23050.0,CE,77.85,112.0,74.05,96.5,13260.0
NIFTY,19-OCT-2026,23050.0,PE,441.55,452.45,358.6,375.75,0.0
NIFTY,19-OCT-2026,23100.0,CE,64.45,95.45,62.4,81.15,71370.0
NIFTY,19-OCT-2026,23100.0,PE,538.0,538.25,393.85,409.9,13845.0
NIFTY,19-OCT-2026,23150.0,CE,53.1,80.75,53.1,68.3,23400.0
NIFTY,19-OCT-2026,23150.0,PE,510.1,510.1,444.0,446.85,325.0
NIFTY,19-OCT-2026,23200.0,CE,50.05,68.4,45.15,57.3,153855.0
NIFTY,19-OCT-2026,23200.0,PE,596.0,618.1,463.8,482.85,17550.0
NIFTY,19-OCT-2026,23250.0,CE,40.4,57.25,38.55,48.2,17420.0
NIFTY,19-OCT-2026,23250.0,PE,525.7,537.2,525.7,537.2,-65.0
NIFTY,19-OCT-2026,23300.0,CE,36.0,47.8,32.45,41.35,267085.0
NIFTY,19-OCT-2026,23300.0,PE,625.0,640.0,545.0,564.4,455.0
NIFTY,19-OCT-2026,23350.0,CE,30.35,40.0,28.4,34.3,14820.0
NIFTY,19-OCT-2026,23350.0,PE,878.3,878.3,603.65,622.4,-585.0
NIFTY,19-OCT-2026,23400.0,CE,26.0,33.65,23.8,28.25,75010.0
NIFTY,19-OCT-2026,23400.0,PE,794.15,794.15,636.05,646.75,-260.0
NIFTY,19-OCT-2026,23450.0,CE,28.3,28.3,20.65,23.7,23790.0
NIFTY,19-OCT-2026,23450.0,PE,756.15,756.15,676.1,719.3,-325.0
NIFTY,19-OCT-2026,23500.0,CE,20.35,25.0,17.05,20.0,191425.0
NIFTY,19-OCT-2026,23500.0,PE,827.0,837.0,724.0,739.0,975.0
NIFTY,19-OCT-2026,23550.0,CE,17.0,19.0,14.25,16.35,18915.0
NIFTY,19-OCT-2026,23550.0,PE,1007.2,1007.2,781.4,792.85,-1235.0
NIFTY,19-OCT-2026,23600.0,CE,15.4,16.35,11.85,13.6,64285.0
NIFTY,19-OCT-2026,23600.0,PE,915.0,915.0,915.0,915.0,-195.0
NIFTY,19-OCT-2026,23650.0,CE,12.5,13.95,10.35,11.5,24830.0
NIFTY,19-OCT-2026,23650.0,PE,0.0,0.0,0.0,958.1,0.0
NIFTY,19-OCT-2026,23700.0,CE,12.4,12.4,8.75,9.6,115700.0
NIFTY,19-OCT-2026,23700.0,PE,0.0,0.0,0.0,900.0,0.0
NIFTY,19-OCT-2026,23750.0,CE,11.6,11.6,6.95,8.1,15600.0
NIFTY,19-OCT-2026,23750.0,PE,0.0,0.0,0.0,746.7,0.0
NIFTY,19-OCT-2026,23800.0,CE,15.6,17.45,6.4,7.05,65065.0
NIFTY,19-OCT-2026,23800.0,PE,1069.0,1069.0,1005.25,1005.25,130.0
NIFTY,19-OCT-2026,23850.0,CE,11.6,11.6,5.75,6.1,4355.0
NIFTY,19-OCT-2026,23850.0,PE,0.0,0.0,0.0,815.85,0.0
NIFTY,19-OCT-2026,23900.0,CE,7.15,7.8,4.45,4.85,76765.0
NIFTY,19-OCT-2026,23900.0,PE,0.0,0.0,0.0,777.4,0.0
NIFTY,19-OCT-2026,23950.0,CE,5.8,6.05,3.8,5.2,15925.0
NIFTY,19-OCT-2026,23950.0,PE,0.0,0.0,0.0,887.9,0.0
NIFTY,19-OCT-2026,24000.0,CE,6.05,6.3,3.8,4.2,129415.0
NIFTY,19-OCT-2026,24000.0,PE,1212.0,1250.0,1207.9,1225.8,1495.0
NIFTY,19-OCT-2026,24050.0,CE,6.4,6.4,3.6,4.4,455.0
NIFTY,19-OCT-2026,24050.0,PE,0.0,0.0,0.0,962.95,0.0
NIFTY,19-OCT-2026,24100.0,CE,5.9,5.9,2.85,3.2,17225.0
NIFTY,19-OCT-2026,24100.0,PE,1325.0,1330.0,1320.0,1325.0,390.0
NIFTY,19-OCT-2026,24150.0,CE,6.5,6.5,2.55,3.2,6630.0
NIFTY,19-OCT-2026,24150.0,PE,0.0,0.0,0.0,1040.4,0.0
NIFTY,19-OCT-2026,24200.0,CE,3.55,4.25,2.2,2.4,29705.0
NIFTY,19-OCT-2026,24200.0,PE,0.0,0.0,0.0,1460.0,0.0
NIFTY,19-OCT-2026,24250.0,CE,3.05,3.35,2.05,2.55,520.0
NIFTY,19-OCT-2026,24250.0,PE,0.0,0.0,0.0,1180.0,0.0
NIFTY,19-OCT-2026,24300.0,CE,3.05,3.5,1.7,1.85,38155.0
NIFTY,19-OCT-2026,24300.0,PE,0.0,0.0,0.0,1400.0,0.0
NIFTY,19-OCT-2026,24350.0,CE,3.05,3.05,2.25,2.25,130.0
NIFTY,19-OCT-2026,24350.0,PE,0.0,0.0,0.0,1202.45,0.0
NIFTY,19-OCT-2026,24400.0,CE,3.5,3.5,1.55,1.7,29510.0
NIFTY,19-OCT-2026,24400.0,PE,0.0,0.0,0.0,1450.0,0.0
NIFTY,19-OCT-2026,24450.0,CE,1.9,2.0,1.7,2.0,-195.0
NIFTY,19-OCT-2026,24450.0,PE,0.0,0.0,0.0,1286.65,0.0
NIFTY,19-OCT-2026,24500.0,CE,2.6,3.0,1.35,1.8,42315.0
NIFTY,19-OCT-2026,24500.0,PE,1735.5,1735.5,1710.0,1723.4,1495.0
NIFTY,19-OCT-2026,24550.0,CE,0.0,0.0,0.0,3.6,0.0
NIFTY,19-OCT-2026,24550.0,PE,0.0,0.0,0.0,1372.75,0.0
NIFTY,19-OCT-2026,24600.0,CE,3.2,3.2,1.55,1.85,-2600.0
NIFTY,19-OCT-2026,24600.0,PE,0.0,0.0,0.0,1500.0,0.0
NIFTY,19-OCT-2026,24650.0,CE,1.65,2.0,1.6,2.0,-260.0
NIFTY,19-OCT-2026,24650.0,PE,0.0,0.0,0.0,1460.6,0.0
NIFTY,19-OCT-2026,24700.0,CE,1.6,2.35,1.5,1.95,-195.0
NIFTY,19-OCT-2026,24700.0,PE,0.0,0.0,0.0,1505.1,0.0
NIFTY,19-OCT-2026,24750.0,CE,1.5,1.5,1.2,1.35,-325.0
NIFTY,19-OCT-2026,24750.0,PE,0.0,0.0,0.0,1549.95,0.0
NIFTY,19-OCT-2026,24800.0,CE,2.15,2.25,1.35,1.7,2145.0
NIFTY,19-OCT-2026,24800.0,PE,0.0,0.0,0.0,1850.0,0.0
NIFTY,19-OCT-2026,24850.0,CE,2.65,2.65,2.65,2.65,390.0
NIFTY,19-OCT-2026,24850.0,PE,0.0,0.0,0.0,1640.7,0.0
NIFTY,19-OCT-2026,24900.0,CE,0.0,0.0,0.0,1.8,0.0
NIFTY,19-OCT-2026,24900.0,PE,0.0,0.0,0.0,1686.55,0.0
NIFTY,19-OCT-2026,24950.0,CE,1.3,2.5,1.2,2.1,130.0
NIFTY,19-OCT-2026,24950.0,PE,0.0,0.0,0.0,1732.7,0.0
NIFTY,19-OCT-2026,25000.0,CE,1.9,1.9,1.35,1.4,5785.0
NIFTY,19-OCT-2026,25000.0,PE,2330.0,2330.0,2304.75,2305.0,260.0
NIFTY,19-OCT-2026,25050.0,CE,1.3,1.3,1.25,1.25,0.0
NIFTY,19-OCT-2026,25050.0,PE,0.0,0.0,0.0,1825.8,0.0
NIFTY,19-OCT-2026,25100.0,CE,1.4,2.0,1.2,1.75,1560.0
NIFTY,19-OCT-2026,25100.0,PE,0.0,0.0,0.0,1872.7,0.0
NIFTY,19-OCT-2026,25150.0,CE,1.3,1.35,1.3,1.3,-130.0
NIFTY,19-OCT-2026,25150.0,PE,0.0,0.0,0.0,1919.85,0.0
NIFTY,19-OCT-2026,25200.0,CE,1.8,1.95,1.05,1.35,390.0
NIFTY,19-OCT-2026,25200.0,PE,0.0,0.0,0.0,1967.2,0.0
NIFTY,27-OCT-2026,20050.0,CE,0.0,0.0,0.0,4242.8,0.0
NIFTY,27-OCT-2026,20050.0,PE,10.0,10.0,4.65,5.5,32045.0
NIFTY,27-OCT-2026,20100.0,CE,0.0,0.0,0.0,2507.85,0.0
NIFTY,27-OCT-2026,20100.0,PE,10.9,10.9,5.45,5.8,29575.0
NIFTY,27-OCT-2026,20150.0,CE,0.0,0.0,0.0,4145.5,0.0
NIFTY,27-OCT-2026,20150.0,PE,12.0,12.0,6.5,7.1,455.0
NIFTY,27-OCT-2026,20200.0,CE,0.0,0.0,0.0,4096.9,0.0
NIFTY,27-OCT-2026,20200.0,PE,8.4,8.45,5.7,6.45,3380.0
NIFTY,27-OCT-2026,20250.0,CE,0.0,0.0,0.0,4048.4,0.0
NIFTY,27-OCT-2026,20250.0,PE,0.0,0.0,0.0,8.9,0.0
NIFTY,27-OCT-2026,20300.0,CE,0.0,0.0,0.0,3999.95,0.0
NIFTY,27-OCT-2026,20300.0,PE,10.0,10.5,5.95,7.8,1560.0
NIFTY,27-OCT-2026,20350.0,CE,0.0,0.0,0.0,3951.55,0.0
NIFTY,27-OCT-2026,20350.0,PE,0.0,0.0,0.0,10.55,0.0
NIFTY,27-OCT-2026,20400.0,CE,0.0,0.0,0.0,3903.2,0.0
NIFTY,27-OCT-2026,20400.0,PE,11.25,17.35,7.25,8.3,-1235.0
NIFTY,27-OCT-2026,20450.0,CE,0.0,0.0,0.0,3854.95,0.0
NIFTY,27-OCT-2026,20450.0,PE,9.25,9.25,8.75,8.75,585.0
NIFTY,27-OCT-2026,20500.0,CE,2112.8,2313.4,2112.8,2281.35,8905.0
NIFTY,27-OCT-2026,20500.0,PE,13.65,14.05,8.4,8.8,-31850.0
NIFTY,27-OCT-2026,20550.0,CE,0.0,0.0,0.0,3758.6,0.0
NIFTY,27-OCT-2026,20550.0,PE,14.65,14.65,9.0,9.3,-585.0
NIFTY,27-OCT-2026,20600.0,CE,0.0,0.0,0.0,3710.55,0.0
NIFTY,27-OCT-2026,20600.0,PE,15.95,16.35,9.55,9.85,15665.0
NIFTY,27-OCT-2026,20650.0,CE,0.0,0.0,0.0,3662.6,0.0
NIFTY,27-OCT-2026,20650.0,PE,12.6,13.25,8.7,9.6,4290.0
NIFTY,27-OCT-2026,20700.0,CE,0.0,0.0,0.0,1997.6,0.0
NIFTY,27-OCT-2026,20700.0,PE,19.2,19.2,10.65,11.05,2730.0
NIFTY,27-OCT-2026,20750.0,CE,0.0,0.0,0.0,3566.95,0.0
NIFTY,27-OCT-2026,20750.0,PE,14.55,14.85,11.3,11.5,-1365.0
NIFTY,27-OCT-2026,20800.0,CE,0.0,0.0,0.0,1610.0,0.0
NIFTY,27-OCT-2026,20800.0,PE,21.1,21.1,11.7,12.2,-74620.0
NIFTY,27-OCT-2026,20850.0,CE,0.0,0.0,0.0,3471.7,0.0
NIFTY,27-OCT-2026,20850.0,PE,13.8,16.2,11.85,12.95,-1300.0
NIFTY,27-OCT-2026,20900.0,CE,1924.6,1934.2,1924.6,1929.4,-65.0
NIFTY,27-OCT-2026,20900.0,PE,19.9,20.4,12.55,13.35,-9555.0
NIFTY,27-OCT-2026,20950.0,CE,0.0,0.0,0.0,3376.9,0.0
NIFTY,27-OCT-2026,20950.0,PE,21.0,21.85,14.25,14.6,-4355.0
NIFTY,27-OCT-2026,21000.0,CE,1654.05,1830.0,1654.05,1799.05,13325.0
NIFTY,27-OCT-2026,21000.0,PE,28.25,28.25,14.0,15.05,-33475.0
NIFTY,27-OCT-2026,21050.0,CE,0.0,0.0,0.0,1609.9,0.0
NIFTY,27-OCT-2026,21050.0,PE,25.45,25.45,16.15,16.5,-4420.0
NIFTY,27-OCT-2026,21100.0,CE,0.0,0.0,0.0,1340.0,0.0
NIFTY,27-OCT-2026,21100.0,PE,26.55,26.65,16.45,16.95,11115.0
NIFTY,27-OCT-2026,21150.0,CE,0.0,0.0,0.0,1433.7,0.0
NIFTY,27-OCT-2026,21150.0,PE,25.85,28.2,18.05,18.35,-8190.0
NIFTY,27-OCT-2026,21200.0,CE,1610.0,1610.0,1610.0,1610.0,65.0
NIFTY,27-OCT-2026,21200.0,PE,30.45,31.4,18.4,19.45,-35035.0
NIFTY,27-OCT-2026,21250.0,CE,0.0,0.0,0.0,1356.25,0.0
NIFTY,27-OCT-2026,21250.0,PE,33.8,33.8,20.35,21.0,-6500.0
NIFTY,27-OCT-2026,21300.0,CE,1541.3,1541.3,1541.3,1541.3,-130.0
NIFTY,27-OCT-2026,21300.0,PE,35.5,36.55,21.5,22.2,-28340.0
NIFTY,27-OCT-2026,21350.0,CE,0.0,0.0,0.0,1174.0,0.0
NIFTY,27-OCT-2026,21350.0,PE,36.15,37.45,23.2,24.0,-14885.0
NIFTY,27-OCT-2026,21400.0,CE,1421.0,1421.0,1421.0,1421.0,65.0
NIFTY,27-OCT-2026,21400.0,PE,40.05,42.3,24.6,25.25,41210.0
NIFTY,27-OCT-2026,21450.0,CE,0.0,0.0,0.0,1084.5,0.0
NIFTY,27-OCT-2026,21450.0,PE,44.0,44.0,26.0,27.5,-5070.0
NIFTY,27-OCT-2026,21500.0,CE,1181.95,1350.0,1181.95,1314.55,-43875.0
NIFTY,27-OCT-2026,21500.0,PE,51.85,51.9,27.95,28.85,-309010.0
NIFTY,27-OCT-2026,21550.0,CE,0.0,0.0,0.0,997.3,0.0
NIFTY,27-OCT-2026,21550.0,PE,53.25,53.25,30.3,31.5,-7540.0
NIFTY,27-OCT-2026,21600.0,CE,1143.6,1191.8,1143.6,1184.1,65.0
NIFTY,27-OCT-2026,21600.0,PE,55.25,55.95,32.5,33.5,54470.0
NIFTY,27-OCT-2026,21650.0,CE,0.0,0.0,0.0,1000.0,0.0
NIFTY,27-OCT-2026,21650.0,PE,59.4,59.75,35.35,36.55,-3380.0
NIFTY,27-OCT-2026,21700.0,CE,1010.0,1141.5,1010.0,1141.5,65.0
NIFTY,27-OCT-2026,21700.0,PE,64.55,66.3,38.2,39.1,-780.0
NIFTY,27-OCT-2026,21750.0,CE,0.0,0.0,0.0,904.1,0.0
NIFTY,27-OCT-2026,21750.0,PE,68.0,69.3,41.65,43.15,4550.0
NIFTY,27-OCT-2026,21800.0,CE,924.0,1067.0,919.55,1042.35,-845.0
NIFTY,27-OCT-2026,21800.0,PE,74.65,77.35,45.0,46.65,43680.0
NIFTY,27-OCT-2026,21850.0,CE,0.0,0.0,0.0,750.15,0.0
NIFTY,27-OCT-2026,21850.0,PE,87.5,87.5,49.35,50.75,14950.0
NIFTY,27-OCT-2026,21900.0,CE,840.0,988.15,835.0,946.95,-2535.0
NIFTY,27-OCT-2026,21900.0,PE,87.55,90.95,53.6,55.4,13650.0
NIFTY,27-OCT-2026,21950.0,CE,789.95,900.0,789.95,900.0,-65.0
NIFTY,27-OCT-2026,21950.0,PE,100.1,100.1,58.3,60.25,14300.0
NIFTY,27-OCT-2026,22000.0,CE,760.9,896.5,741.2,855.35,35425.0
NIFTY,27-OCT-2026,22000.0,PE,110.9,111.0,63.25,65.65,305110.0
NIFTY,27-OCT-2026,22050.0,CE,708.7,803.75,708.7,803.75,0.0
NIFTY,27-OCT-2026,22050.0,PE,121.5,121.5,69.75,72.3,910.0
NIFTY,27-OCT-2026,22100.0,CE,679.75,808.6,669.9,764.7,0.0
NIFTY,27-OCT-2026,22100.0,PE,120.2,126.25,76.2,79.15,23920.0
NIFTY,27-OCT-2026,22150.0,CE,635.9,753.15,635.9,731.0,65.0
NIFTY,27-OCT-2026,22150.0,PE,133.0,136.7,83.25,86.7,22360.0
NIFTY,27-OCT-2026,22200.0,CE,597.0,727.0,588.55,685.3,29705.0
NIFTY,27-OCT-2026,22200.0,PE,143.1,148.85,91.0,94.6,51090.0
NIFTY,27-OCT-2026,22250.0,CE,557.3,680.05,554.55,656.7,-8970.0
NIFTY,27-OCT-2026,22250.0,PE,156.05,159.5,99.15,104.1,-31850.0
NIFTY,27-OCT-2026,22300.0,CE,531.2,645.45,512.7,606.65,-98605.0
NIFTY,27-OCT-2026,22300.0,PE,172.1,177.35,109.8,114.1,54600.0
NIFTY,27-OCT-2026,22350.0,CE,486.3,601.0,483.9,569.4,-1430.0
NIFTY,27-OCT-2026,22350.0,PE,182.2,187.6,119.35,123.7,-9815.0
NIFTY,27-OCT-2026,22400.0,CE,473.95,568.0,444.4,531.7,-48230.0
NIFTY,27-OCT-2026,22400.0,PE,200.0,205.15,130.8,136.25,138125.0
NIFTY,27-OCT-2026,22450.0,CE,416.95,528.9,410.0,495.35,-4550.0
NIFTY,27-OCT-2026,22450.0,PE,214.95,220.25,142.1,148.7,27365.0
NIFTY,27-OCT-2026,22500.0,CE,407.95,494.0,379.25,458.55,-149890.0
NIFTY,27-OCT-2026,22500.0,PE,247.6,247.6,156.05,162.55,184145.0
NIFTY,27-OCT-2026,22550.0,CE,364.3,457.0,349.0,422.4,-18005.0
NIFTY,27-OCT-2026,22550.0,PE,252.2,258.0,171.35,176.65,50375.0
NIFTY,27-OCT-2026,22600.0,CE,322.0,424.05,320.0,390.1,-145275.0
NIFTY,27-OCT-2026,22600.0,PE,288.45,288.45,185.4,193.3,241410.0
NIFTY,27-OCT-2026,22650.0,CE,297.9,391.0,292.15,356.2,10985.0
NIFTY,27-OCT-2026,22650.0,PE,295.0,301.15,202.95,211.05,18525.0
NIFTY,27-OCT-2026,22700.0,CE,288.9,360.0,267.75,328.05,277225.0
NIFTY,27-OCT-2026,22700.0,PE,334.55,334.55,220.25,230.6,412490.0
NIFTY,27-OCT-2026,22750.0,CE,259.4,330.0,242.05,299.35,35880.0
NIFTY,27-OCT-2026,22750.0,PE,343.95,350.35,242.25,250.65,50505.0
NIFTY,27-OCT-2026,22800.0,CE,233.85,299.75,220.5,271.1,337870.0
NIFTY,27-OCT-2026,22800.0,PE,365.4,376.55,263.35,274.75,407355.0
NIFTY,27-OCT-2026,22850.0,CE,198.7,270.9,197.5,245.1,25805.0
NIFTY,27-OCT-2026,22850.0,PE,403.2,403.3,286.0,296.35,6500.0
NIFTY,27-OCT-2026,22900.0,CE,184.85,245.25,178.0,221.8,-84565.0
NIFTY,27-OCT-2026,22900.0,PE,424.85,433.65,309.25,321.6,-5330.0
NIFTY,27-OCT-2026,22950.0,CE,165.45,220.0,158.9,198.2,3640.0
NIFTY,27-OCT-2026,22950.0,PE,450.0,450.0,337.0,347.9,1235.0
NIFTY,27-OCT-2026,23000.0,CE,153.8,198.0,141.7,177.2,-174915.0
NIFTY,27-OCT-2026,23000.0,PE,506.55,506.55,361.0,377.2,32370.0
NIFTY,27-OCT-2026,23050.0,CE,125.8,175.65,125.8,157.5,-780.0
NIFTY,27-OCT-2026,23050.0,PE,519.3,535.15,390.0,404.1,1755.0
NIFTY,27-OCT-2026,23100.0,CE,118.5,156.05,110.55,138.85,-73515.0
NIFTY,27-OCT-2026,23100.0,PE,548.3,561.9,419.0,438.55,-80925.0
NIFTY,27-OCT-2026,23150.0,CE,105.8,138.75,97.6,122.45,7215.0
NIFTY,27-OCT-2026,23150.0,PE,597.7,602.0,457.35,470.0,650.0
NIFTY,27-OCT-2026,23200.0,CE,94.15,122.0,86.05,108.25,46280.0
NIFTY,27-OCT-2026,23200.0,PE,635.75,635.8,481.8,503.85,-5980.0
NIFTY,27-OCT-2026,23250.0,CE,78.85,107.8,76.0,95.2,1040.0
NIFTY,27-OCT-2026,23250.0,PE,673.05,673.05,531.2,544.55,4745.0
NIFTY,27-OCT-2026,23300.0,CE,72.45,94.0,66.1,82.6,-160615.0
NIFTY,27-OCT-2026,23300.0,PE,698.55,715.7,550.95,577.8,-44850.0
NIFTY,27-OCT-2026,23350.0,CE,59.5,82.3,58.25,72.6,-15795.0
NIFTY,27-OCT-2026,23350.0,PE,695.0,695.0,602.75,617.8,650.0
NIFTY,27-OCT-2026,23400.0,CE,58.0,71.15,50.0,63.05,18720.0
NIFTY,27-OCT-2026,23400.0,PE,824.85,824.85,630.0,654.45,-67470.0
NIFTY,27-OCT-2026,23450.0,CE,49.15,61.95,45.05,54.6,-6760.0
NIFTY,27-OCT-2026,23450.0,PE,709.0,712.9,694.45,704.1,-1430.0
NIFTY,27-OCT-2026,23500.0,CE,44.45,54.5,40.0,48.45,286065.0
NIFTY,27-OCT-2026,23500.0,PE,886.8,887.65,711.75,740.3,-3055.0
NIFTY,27-OCT-2026,23550.0,CE,35.95,46.85,35.45,41.75,6435.0
NIFTY,27-OCT-2026,23550.0,PE,843.0,843.0,762.35,772.4,-65.0
NIFTY,27-OCT-2026,23600.0,CE,31.0,41.3,30.95,36.65,90545.0
NIFTY,27-OCT-2026,23600.0,PE,951.0,955.2,800.8,826.65,50180.0
NIFTY,27-OCT-2026,23650.0,CE,28.0,35.55,26.8,31.5,10660.0
NIFTY,27-OCT-2026,23650.0,PE,870.0,883.4,870.0,883.4,-65.0
NIFTY,27-OCT-2026,23700.0,CE,29.05,31.4,24.85,27.85,-8125.0
NIFTY,27-OCT-2026,23700.0,PE,1055.0,1055.0,888.0,914.15,25350.0
NIFTY,27-OCT-2026,23750.0,CE,24.55,27.4,21.85,24.45,-12025.0
NIFTY,27-OCT-2026,23750.0,PE,1031.0,1031.0,947.0,949.0,0.0
NIFTY,27-OCT-2026,23800.0,CE,21.85,23.7,19.5,21.05,151645.0
NIFTY,27-OCT-2026,23800.0,PE,1162.3,1162.3,985.25,1015.65,-5070.0
NIFTY,27-OCT-2026,23850.0,CE,19.65,21.35,18.1,18.95,-8775.0
NIFTY,27-OCT-2026,23850.0,PE,1190.0,1190.0,1053.0,1053.0,0.0
NIFTY,27-OCT-2026,23900.0,CE,19.65,19.65,15.95,16.7,130520.0
NIFTY,27-OCT-2026,23900.0,PE,1215.45,1215.5,1071.3,1099.35,3120.0
NIFTY,27-OCT-2026,23950.0,CE,17.0,17.85,12.4,15.75,-10010.0
NIFTY,27-OCT-2026,23950.0,PE,1240.5,1240.5,1100.3,1108.4,130.0
NIFTY,27-OCT-2026,24000.0,CE,16.95,17.5,13.8,14.4,118170.0
NIFTY,27-OCT-2026,24000.0,PE,1384.75,1384.75,1171.3,1205.1,33150.0
NIFTY,27-OCT-2026,24050.0,CE,16.2,16.2,12.4,13.2,7345.0
NIFTY,27-OCT-2026,24050.0,PE,1245.0,1245.0,1228.25,1228.25,0.0
NIFTY,27-OCT-2026,24100.0,CE,12.4,13.65,11.2,11.6,20475.0
NIFTY,27-OCT-2026,24100.0,PE,1451.8,1451.85,1276.9,1297.6,1430.0
NIFTY,27-OCT-2026,24150.0,CE,12.0,12.1,9.75,10.55,5785.0
NIFTY,27-OCT-2026,24150.0,PE,1430.0,1430.0,1323.0,1350.0,1040.0
NIFTY,27-OCT-2026,24200.0,CE,11.8,11.8,9.15,9.55,-3965.0
NIFTY,27-OCT-2026,24200.0,PE,1554.95,1554.95,1363.0,1395.2,-520.0
NIFTY,27-OCT-2026,24250.0,CE,11.5,11.5,8.75,8.95,4940.0
NIFTY,27-OCT-2026,24250.0,PE,1450.0,1450.0,1450.0,1450.0,130.0
NIFTY,27-OCT-2026,24300.0,CE,9.9,10.0,8.1,8.4,-36725.0
NIFTY,27-OCT-2026,24300.0,PE,1636.85,1646.15,1456.0,1494.55,4550.0
NIFTY,27-OCT-2026,24350.0,CE,9.3,9.3,7.45,7.65,-9555.0
NIFTY,27-OCT-2026,24350.0,PE,1650.0,1650.0,1643.05,1643.05,-130.0
NIFTY,27-OCT-2026,24400.0,CE,9.35,9.35,6.5,7.15,-29120.0
NIFTY,27-OCT-2026,24400.0,PE,1725.0,1725.0,1562.0,1593.3,1625.0
NIFTY,27-OCT-2026,24450.0,CE,7.95,7.95,6.35,6.55,-650.0
NIFTY,27-OCT-2026,24450.0,PE,1676.0,1676.0,1650.0,1650.0,65.0
NIFTY,27-OCT-2026,24500.0,CE,8.95,8.95,5.95,6.15,76180.0
NIFTY,27-OCT-2026,24500.0,PE,1854.0,1854.0,1659.55,1686.95,155220.0
NIFTY,27-OCT-2026,24550.0,CE,6.3,7.85,5.15,5.6,-6565.0
NIFTY,27-OCT-2026,24550.0,PE,0.0,0.0,0.0,2083.25,0.0
NIFTY,27-OCT-2026,24600.0,CE,6.1,6.6,5.1,5.3,-10400.0
NIFTY,27-OCT-2026,24600.0,PE,1898.95,1898.95,1760.0,1775.35,260.0
NIFTY,27-OCT-2026,24650.0,CE,7.15,7.15,4.65,5.15,-3770.0
NIFTY,27-OCT-2026,24650.0,PE,0.0,0.0,0.0,2200.0,0.0
NIFTY,27-OCT-2026,24700.0,CE,5.6,6.1,4.35,4.7,2925.0
NIFTY,27-OCT-2026,24700.0,PE,2010.0,2010.0,1880.0,1894.6,-845.0
NIFTY,27-OCT-2026,24750.0,CE,6.9,6.9,3.75,4.2,2210.0
NIFTY,27-OCT-2026,24750.0,PE,0.0,0.0,0.0,1810.0,0.0
NIFTY,27-OCT-2026,24800.0,CE,5.1,5.65,4.05,4.2,20085.0
NIFTY,27-OCT-2026,24800.0,PE,2074.85,2074.85,1963.25,1973.75,195.0
NIFTY,27-OCT-2026,24850.0,CE,5.55,5.65,3.75,4.05,-1040.0
NIFTY,27-OCT-2026,24850.0,PE,2040.0,2040.0,2040.0,2040.0,65.0
NIFTY,27-OCT-2026,24900.0,CE,4.3,4.9,3.35,3.7,2990.0
NIFTY,27-OCT-2026,24900.0,PE,2109.0,2109.0,2065.0,2065.0,130.0
NIFTY,27-OCT-2026,24950.0,CE,5.3,5.3,3.3,3.4,-130.0
NIFTY,27-OCT-2026,24950.0,PE,0.0,0.0,0.0,2335.0,0.0
NIFTY,27-OCT-2026,25000.0,CE,7.0,7.0,3.5,3.6,-81445.0
NIFTY,27-OCT-2026,25000.0,PE,2339.9,2345.0,2151.1,2183.2,1235.0
NIFTY,27-OCT-2026,25050.0,CE,5.25,5.25,3.4,3.55,-3510.0
NIFTY,27-OCT-2026,25050.0,PE,0.0,0.0,0.0,2430.0,0.0
NIFTY,27-OCT-2026,25100.0,CE,3.75,4.7,3.15,3.2,-4160.0
NIFTY,27-OCT-2026,25100.0,PE,2243.65,2300.0,2243.65,2281.7,-1040.0
NIFTY,27-OCT-2026,25150.0,CE,0.0,0.0,0.0,4.65,0.0
NIFTY,27-OCT-2026,25150.0,PE,0.0,0.0,0.0,2150.0,0.0
NIFTY,27-OCT-2026,25200.0,CE,3.25,3.75,2.7,2.8,-6955.0
NIFTY,27-OCT-2026,25200.0,PE,2400.0,2400.0,2333.75,2385.0,-65.0
NIFTY,27-OCT-2026,25250.0,CE,0.0,0.0,0.0,3.85,0.0
NIFTY,27-OCT-2026,25250.0,PE,0.0,0.0,0.0,2249.0,0.0
NIFTY,27-OCT-2026,25300.0,CE,2.5,4.5,2.3,2.5,-4875.0
NIFTY,27-OCT-2026,25300.0,PE,0.0,0.0,0.0,2600.0,0.0
NIFTY,27-OCT-2026,25350.0,CE,2.3,2.85,2.3,2.85,-455.0
NIFTY,27-OCT-2026,25350.0,PE,0.0,0.0,0.0,2416.7,0.0
NIFTY,27-OCT-2026,25400.0,CE,3.1,3.15,2.35,2.4,-7410.0
NIFTY,27-OCT-2026,25400.0,PE,2600.0,2600.0,2600.0,2600.0,65.0
NIFTY,27-OCT-2026,25450.0,CE,2.05,2.85,1.5,2.55,-1105.0
NIFTY,27-OCT-2026,25450.0,PE,0.0,0.0,0.0,1850.0,0.0
NIFTY,27-OCT-2026,25500.0,CE,2.9,3.0,1.85,2.1,19435.0
NIFTY,27-OCT-2026,25500.0,PE,2815.0,2830.0,2651.7,2674.2,-9035.0
NIFTY,27-OCT-2026,25550.0,CE,0.0,0.0,0.0,3.35,0.0
NIFTY,27-OCT-2026,25550.0,PE,0.0,0.0,0.0,2725.0,0.0
NIFTY,27-OCT-2026,25600.0,CE,3.0,3.0,1.65,1.9,-5460.0
NIFTY,27-OCT-2026,25600.0,PE,0.0,0.0,0.0,2900.0,0.0
NIFTY,27-OCT-2026,25650.0,CE,0.0,0.0,0.0,2.65,0.0
NIFTY,27-OCT-2026,25650.0,PE,0.0,0.0,0.0,3005.0,0.0
NIFTY,27-OCT-2026,25700.0,CE,2.5,2.5,1.6,1.75,-4420.0
NIFTY,27-OCT-2026,25700.0,PE,0.0,0.0,0.0,3020.45,0.0
NIFTY,27-OCT-2026,25750.0,CE,2.3,2.95,1.3,1.65,-6955.0
NIFTY,27-OCT-2026,25750.0,PE,0.0,0.0,0.0,1659.3,0.0
NIFTY,27-OCT-2026,25800.0,CE,2.0,3.25,1.25,1.6,-8320.0
NIFTY,27-OCT-2026,25800.0,PE,0.0,0.0,0.0,3175.0,0.0
NIFTY,27-OCT-2026,25850.0,CE,2.45,2.45,1.45,1.6,-910.0
NIFTY,27-OCT-2026,25850.0,PE,3010.0,3030.0,3010.0,3025.0,390.0
NIFTY,27-OCT-2026,25900.0,CE,1.9,1.95,1.15,1.35,715.0
NIFTY,27-OCT-2026,25900.0,PE,3150.0,3150.0,3109.6,3109.6,-130.0
NIFTY,27-OCT-2026,25950.0,CE,0.0,0.0,0.0,1.55,0.0
NIFTY,27-OCT-2026,25950.0,PE,0.0,0.0,0.0,1842.3,0.0
NIFTY,27-OCT-2026,26000.0,CE,1.7,1.75,1.2,1.3,-15275.0
NIFTY,27-OCT-2026,26000.0,PE,3308.0,3326.25,3141.9,3168.65,-1365.0
NIFTY,27-OCT-2026,26050.0,CE,1.8,1.8,1.35,1.65,-975.0
NIFTY,27-OCT-2026,26050.0,PE,0.0,0.0,0.0,3580.0,0.0
NIFTY,27-OCT-2026,26100.0,CE,1.35,1.35,1.35,1.35,0.0
NIFTY,27-OCT-2026,26100.0,PE,0.0,0.0,0.0,3200.0,0.0
NIFTY,27-OCT-2026,26150.0,CE,0.0,0.0,0.0,4.85,0.0
NIFTY,27-OCT-2026,26150.0,PE,0.0,0.0,0.0,2950.0,0.0
NIFTY,27-OCT-2026,26200.0,CE,1.0,1.65,0.7,0.75,0.0
NIFTY,27-OCT-2026,26200.0,PE,0.0,0.0,0.0,3520.0,0.0
NIFTY,27-OCT-2026,26250.0,CE,0.0,0.0,0.0,2.45,0.0
NIFTY,27-OCT-2026,26250.0,PE,0.0,0.0,0.0,3000.0,0.0
NIFTY,27-OCT-2026,26300.0,CE,0.0,0.0,0.0,1.2,0.0
NIFTY,27-OCT-2026,26300.0,PE,0.0,0.0,0.0,3662.75,0.0
NIFTY,27-OCT-2026,26350.0,CE,0.0,0.0,0.0,1.05,0.0
NIFTY,27-OCT-2026,26350.0,PE,0.0,0.0,0.0,2163.0,0.0
NIFTY,27-OCT-2026,26400.0,CE,1.5,1.75,1.0,1.3,65.0
NIFTY,27-OCT-2026,26400.0,PE,0.0,0.0,0.0,3550.0,0.0
NIFTY,27-OCT-2026,26450.0,CE,0.0,0.0,0.0,1.0,0.0
NIFTY,27-OCT-2026,26450.0,PE,0.0,0.0,0.0,3460.0,0.0
NIFTY,27-OCT-2026,26500.0,CE,0.8,0.85,0.65,0.75,2405.0
NIFTY,27-OCT-2026,26500.0,PE,3796.15,3830.4,3656.9,3663.6,4160.0
NIFTY,27-OCT-2026,26550.0,CE,0.0,0.0,0.0,1.25,0.0
NIFTY,27-OCT-2026,26550.0,PE,0.0,0.0,0.0,2330.1,0.0
NIFTY,27-OCT-2026,26600.0,CE,0.0,0.0,0.0,0.7,0.0
NIFTY,27-OCT-2026,26600.0,PE,0.0,0.0,0.0,3700.0,0.0
NIFTY,27-OCT-2026,26650.0,CE,0.0,0.0,0.0,6.95,0.0
NIFTY,27-OCT-2026,26650.0,PE,0.0,0.0,0.0,2415.2,0.0
NIFTY,27-OCT-2026,26700.0,CE,0.75,0.75,0.75,0.75,-65.0
NIFTY,27-OCT-2026,26700.0,PE,0.0,0.0,0.0,3900.0,0.0
NIFTY,27-OCT-2026,26750.0,CE,0.0,0.0,0.0,0.6,0.0
NIFTY,27-OCT-2026,26750.0,PE,0.0,0.0,0.0,2501.2,0.0
NIFTY,27-OCT-2026,26800.0,CE,1.0,1.45,0.4,0.9,2145.0
NIFTY,27-OCT-2026,26800.0,PE,0.0,0.0,0.0,3900.0,0.0
NIFTY,27-OCT-2026,26850.0,CE,0.0,0.0,0.0,0.55,0.0
NIFTY,27-OCT-2026,26850.0,PE,0.0,0.0,0.0,2588.1,0.0
NIFTY,27-OCT-2026,26900.0,CE,0.8,1.0,0.8,1.0,585.0
NIFTY,27-OCT-2026,26900.0,PE,0.0,0.0,0.0,3583.15,0.0
NIFTY,27-OCT-2026,26950.0,CE,0.0,0.0,0.0,1.9,0.0
NIFTY,27-OCT-2026,26950.0,PE,0.0,0.0,0.0,2675.85,0.0
NIFTY,27-OCT-2026,27000.0,CE,0.7,0.8,0.55,0.6,-3120.0
NIFTY,27-OCT-2026,27000.0,PE,4313.0,4317.9,4146.3,4170.45,-1365.0
NIFTY,27-OCT-2026,27050.0,CE,1.35,1.7,0.7,1.4,65.0
NIFTY,27-OCT-2026,27050.0,PE,0.0,0.0,0.0,2764.35,0.0
NIFTY,27-OCT-2026,27100.0,CE,0.0,0.0,0.0,0.6,0.0
NIFTY,27-OCT-2026,27100.0,PE,0.0,0.0,0.0,5006.45,0.0
NIFTY,27-OCT-2026,27150.0,CE,0.0,0.0,0.0,1.0,0.0
NIFTY,27-OCT-2026,27150.0,PE,0.0,0.0,0.0,3860.6,0.0
NIFTY,27-OCT-2026,27200.0,CE,0.8,0.85,0.6,0.7,-1625.0
NIFTY,27-OCT-2026,27200.0,PE,4390.0,4408.5,4330.7,4385.7,0.0
NIFTY,28-DEC-2027,15000.0,CE,0.0,0.0,0.0,7931.05,0.0
NIFTY,28-DEC-2027,15000.0,PE,0.0,0.0,0.0,21.7,0.0
NIFTY,28-DEC-2027,16500.0,CE,0.0,0.0,0.0,11316.4,0.0
NIFTY,28-DEC-2027,16500.0,PE,0.0,0.0,0.0,52.05,0.0
NIFTY,28-DEC-2027,17000.0,PE,0.0,0.0,0.0,72.55,0.0
NIFTY,28-DEC-2027,18000.0,CE,0.0,0.0,0.0,6285.7,0.0
NIFTY,28-DEC-2027,18000.0,PE,144.6,150.0,121.05,129.45,2340.0
NIFTY,28-DEC-2027,19000.0,PE,156.05,177.0,156.05,160.0,-325.0
NIFTY,28-DEC-2027,19500.0,CE,0.0,0.0,0.0,8684.7,0.0
NIFTY,28-DEC-2027,19500.0,PE,0.0,0.0,0.0,29.25,0.0
NIFTY,28-DEC-2027,20000.0,PE,296.9,296.9,259.0,259.55,-2340.0
NIFTY,28-DEC-2027,21000.0,CE,0.0,0.0,0.0,4902.4,0.0
NIFTY,28-DEC-2027,21000.0,PE,426.4,427.0,380.0,381.8,-1040.0
NIFTY,28-DEC-2027,22000.0,PE,609.0,620.0,566.0,577.25,4855.0
NIFTY,28-DEC-2027,22500.0,CE,2368.15,2490.0,2368.15,2479.1,1755.0
NIFTY,28-DEC-2027,22500.0,PE,664.05,702.9,655.05,700.35,325.0
NIFTY,28-DEC-2027,23000.0,PE,870.7,870.7,818.0,821.55,5795.0
NIFTY,28-DEC-2027,24000.0,CE,1450.8,1570.0,1450.75,1537.9,1690.0
NIFTY,28-DEC-2027,24000.0,PE,1178.35,1190.15,1102.0,1109.4,2730.0
NIFTY,28-DEC-2027,25000.0,CE,896.15,976.35,896.15,957.15,-2080.0
NIFTY,28-DEC-2027,25000.0,PE,1550.55,1552.45,1466.6,1474.2,3040.0
NIFTY,28-DEC-2027,25500.0,CE,0.0,0.0,0.0,2400.0,0.0
NIFTY,28-DEC-2027,25500.0,PE,0.0,0.0,0.0,676.05,0.0
NIFTY,28-DEC-2027,26000.0,CE,568.75,610.0,568.05,596.35,-3640.0
NIFTY,28-DEC-2027,26000.0,PE,2113.8,2113.8,2025.05,2038.65,195.0
NIFTY,28-DEC-2027,27000.0,CE,342.0,359.95,335.0,355.45,3065.0
NIFTY,28-DEC-2027,27000.0,PE,2699.05,2706.0,2631.0,2646.0,3825.0
NIFTY,28-DEC-2027,28500.0,CE,205.0,219.0,201.2,209.25,585.0
NIFTY,28-DEC-2027,28500.0,PE,0.0,0.0,0.0,2979.7,0.0
NIFTY,28-DEC-2027,30000.0,CE,122.0,138.85,122.0,129.4,1495.0
NIFTY,28-DEC-2027,30000.0,PE,5050.0,5090.95,4994.15,5075.5,-520.0
NIFTY,28-DEC-2027,31500.0,CE,87.75,95.0,87.75,95.0,0.0
NIFTY,28-DEC-2027,31500.0,PE,0.0,0.0,0.0,3240.0,0.0
NIFTY,28-DEC-2027,33000.0,CE,50.75,50.75,45.6,46.6,260.0
NIFTY,28-DEC-2027,33000.0,PE,0.0,0.0,0.0,4155.55,0.0
NIFTY,29-JUN-2027,15000.0,CE,0.0,0.0,0.0,5367.85,0.0
NIFTY,29-JUN-2027,15000.0,PE,0.0,0.0,0.0,1173.2,0.0
NIFTY,29-JUN-2027,16500.0,CE,0.0,0.0,0.0,10867.2,0.0
NIFTY,29-JUN-2027,16500.0,PE,0.0,0.0,0.0,41.8,0.0
NIFTY,29-JUN-2027,18000.0,CE,0.0,0.0,0.0,4066.45,0.0
NIFTY,29-JUN-2027,18000.0,PE,0.0,0.0,0.0,70.0,0.0
NIFTY,29-JUN-2027,19000.0,CE,0.0,0.0,0.0,7800.0,0.0
NIFTY,29-JUN-2027,19000.0,PE,0.0,0.0,0.0,105.0,0.0
NIFTY,29-JUN-2027,19500.0,CE,0.0,0.0,0.0,8143.4,0.0
NIFTY,29-JUN-2027,19500.0,PE,75.0,95.0,75.0,85.0,130.0
NIFTY,29-JUN-2027,21000.0,CE,0.0,0.0,0.0,3061.8,0.0
NIFTY,29-JUN-2027,21000.0,PE,277.25,277.25,244.45,247.6,4550.0
NIFTY,29-JUN-2027,22500.0,CE,0.0,0.0,0.0,5539.6,0.0
NIFTY,29-JUN-2027,22500.0,PE,555.0,558.0,500.0,505.55,7605.0
NIFTY,29-JUN-2027,24000.0,CE,732.95,787.0,720.0,758.45,7605.0
NIFTY,29-JUN-2027,24000.0,PE,1105.65,1115.7,1027.7,1043.6,1690.0
NIFTY,29-JUN-2027,25500.0,CE,279.95,285.35,270.4,278.15,9750.0
NIFTY,29-JUN-2027,25500.0,PE,0.0,0.0,0.0,667.15,0.0
NIFTY,29-JUN-2027,27000.0,CE,133.05,139.9,125.05,126.1,2665.0
NIFTY,29-JUN-2027,27000.0,PE,0.0,0.0,0.0,2325.1,0.0
NIFTY,29-JUN-2027,28500.0,CE,0.0,0.0,0.0,1711.9,0.0
NIFTY,29-JUN-2027,28500.0,PE,0.0,0.0,0.0,1807.05,0.0
NIFTY,29-JUN-2027,30000.0,CE,51.95,52.0,31.0,48.6,195.0
NIFTY,29-JUN-2027,30000.0,PE,5900.0,5900.0,5900.0,5900.0,-65.0
NIFTY,29-JUN-2027,31500.0,CE,0.0,0.0,0.0,769.15,0.0
NIFTY,29-JUN-2027,31500.0,PE,0.0,0.0,0.0,3604.7,0.0
NIFTY,29-JUN-2027,33000.0,CE,0.0,0.0,0.0,1122.75,0.0
NIFTY,29-JUN-2027,33000.0,PE,0.0,0.0,0.0,4691.7,0.0
NIFTY,30-MAR-2027,15000.0,CE,0.0,0.0,0.0,8379.85,0.0
NIFTY,30-MAR-2027,15000.0,PE,20.4,20.4,15.65,18.75,260.0
NIFTY,30-MAR-2027,16500.0,CE,0.0,0.0,0.0,6995.9,0.0
NIFTY,30-MAR-2027,16500.0,PE,30.05,30.05,22.0,25.8,195.0
NIFTY,30-MAR-2027,18000.0,CE,0.0,0.0,0.0,5643.55,0.0
NIFTY,30-MAR-2027,18000.0,PE,50.85,50.85,43.0,43.35,2860.0
NIFTY,30-MAR-2027,19500.0,CE,3650.0,3734.0,3650.0,3734.0,195.0
NIFTY,30-MAR-2027,19500.0,PE,77.85,79.85,75.0,77.1,33605.0
NIFTY,30-MAR-2027,21000.0,CE,2351.55,2471.0,2351.55,2454.3,1040.0
NIFTY,30-MAR-2027,21000.0,PE,196.6,198.25,172.05,174.25,15600.0
NIFTY,30-MAR-2027,22500.0,CE,1206.0,1322.0,1206.0,1287.4,24310.0
NIFTY,30-MAR-2027,22500.0,PE,504.6,507.25,421.05,437.15,50505.0
NIFTY,30-MAR-2027,24000.0,CE,461.05,509.55,454.15,484.6,4485.0
NIFTY,30-MAR-2027,24000.0,PE,1180.7,1180.7,1026.25,1040.15,7150.0
NIFTY,30-MAR-2027,25500.0,CE,137.65,147.6,135.0,141.6,-6370.0
NIFTY,30-MAR-2027,25500.0,PE,2220.0,2248.0,2100.0,2113.2,1105.0
NIFTY,30-MAR-2027,27000.0,CE,53.05,54.95,50.0,51.35,67990.0
NIFTY,30-MAR-2027,27000.0,PE,3566.05,3566.05,3401.45,3420.9,10400.0
NIFTY,30-MAR-2027,28500.0,CE,28.45,28.8,25.5,26.5,-130.0
NIFTY,30-MAR-2027,28500.0,PE,0.0,0.0,0.0,2937.15,0.0
NIFTY,30-MAR-2027,30000.0,CE,15.5,15.95,14.05,14.3,2210.0
NIFTY,30-MAR-2027,30000.0,PE,0.0,0.0,0.0,6273.1,0.0
NIFTY,30-MAR-2027,31500.0,CE,0.0,0.0,0.0,15.1,0.0
NIFTY,30-MAR-2027,31500.0,PE,0.0,0.0,0.0,7066.15,0.0
NIFTY,30-MAR-2027,33000.0,CE,8.5,10.4,6.35,7.45,650.0
NIFTY,30-MAR-2027,33000.0,PE,0.0,0.0,0.0,8415.45,0.0
NIFTY,28-SEP-2027,15000.0,CE,0.0,0.0,0.0,8577.25,0.0
NIFTY,28-SEP-2027,15000.0,PE,0.0,0.0,0.0,1.15,0.0
NIFTY,28-SEP-2027,16500.0,CE,0.0,0.0,0.0,7170.5,0.0
NIFTY,28-SEP-2027,16500.0,PE,0.0,0.0,0.0,8.4,0.0
NIFTY,28-SEP-2027,18000.0,CE,0.0,0.0,0.0,5788.3,0.0
NIFTY,28-SEP-2027,18000.0,PE,0.0,0.0,0.0,40.2,0.0
NIFTY,28-SEP-2027,19500.0,CE,0.0,0.0,0.0,4470.95,0.0
NIFTY,28-SEP-2027,19500.0,PE,0.0,0.0,0.0,134.1,0.0
NIFTY,28-SEP-2027,21000.0,CE,0.0,0.0,0.0,3277.85,0.0
NIFTY,28-SEP-2027,21000.0,PE,0.0,0.0,0.0,357.75,0.0
NIFTY,28-SEP-2027,22500.0,CE,0.0,0.0,0.0,2265.0,0.0
NIFTY,28-SEP-2027,22500.0,PE,0.0,0.0,0.0,761.85,0.0
NIFTY,28-SEP-2027,24000.0,CE,0.0,0.0,0.0,1478.35,0.0
NIFTY,28-SEP-2027,24000.0,PE,0.0,0.0,0.0,1386.25,0.0
NIFTY,28-SEP-2027,25500.0,CE,0.0,0.0,0.0,908.35,0.0
NIFTY,28-SEP-2027,25500.0,PE,0.0,0.0,0.0,2230.25,0.0
NIFTY,28-SEP-2027,27000.0,CE,0.0,0.0,0.0,529.1,0.0
NIFTY,28-SEP-2027,27000.0,PE,0.0,0.0,0.0,3265.0,0.0
NIFTY,28-SEP-2027,28500.0,CE,0.0,0.0,0.0,291.55,0.0
NIFTY,28-SEP-2027,28500.0,PE,0.0,0.0,0.0,4441.5,0.0
NIFTY,28-SEP-2027,30000.0,CE,0.0,0.0,0.0,153.4,0.0
NIFTY,28-SEP-2027,30000.0,PE,0.0,0.0,0.0,5717.3,0.0
NIFTY,26-DEC-2028,15000.0,CE,0.0,0.0,0.0,11381.75,0.0
NIFTY,26-DEC-2028,15000.0,PE,0.0,0.0,0.0,22.25,0.0
NIFTY,26-DEC-2028,16500.0,CE,0.0,0.0,0.0,12176.65,0.0
NIFTY,26-DEC-2028,16500.0,PE,0.0,0.0,0.0,5.9,0.0
NIFTY,26-DEC-2028,18000.0,CE,0.0,0.0,0.0,9380.3,0.0
NIFTY,26-DEC-2028,18000.0,PE,0.0,0.0,0.0,250.0,0.0
NIFTY,26-DEC-2028,19500.0,CE,0.0,0.0,0.0,9716.4,0.0
NIFTY,26-DEC-2028,19500.0,PE,0.0,0.0,0.0,49.0,0.0
NIFTY,26-DEC-2028,20000.0,PE,0.0,0.0,0.0,364.5,0.0
NIFTY,26-DEC-2028,21000.0,CE,0.0,0.0,0.0,7512.5,0.0
NIFTY,26-DEC-2028,21000.0,PE,0.0,0.0,0.0,520.0,0.0
NIFTY,26-DEC-2028,22000.0,PE,710.0,710.0,710.0,710.0,65.0
NIFTY,26-DEC-2028,22500.0,CE,0.0,0.0,0.0,7382.9,0.0
NIFTY,26-DEC-2028,22500.0,PE,0.0,0.0,0.0,218.8,0.0
NIFTY,26-DEC-2028,23000.0,PE,902.0,902.0,902.0,902.0,-65.0
NIFTY,26-DEC-2028,24000.0,CE,2850.0,2900.0,2810.05,2900.0,130.0
NIFTY,26-DEC-2028,24000.0,PE,0.0,0.0,0.0,1150.0,0.0
NIFTY,26-DEC-2028,25000.0,PE,1489.25,1489.25,1461.95,1461.95,0.0
NIFTY,26-DEC-2028,25500.0,CE,0.0,0.0,0.0,1800.8,0.0
NIFTY,26-DEC-2028,25500.0,PE,0.0,0.0,0.0,648.2,0.0
NIFTY,26-DEC-2028,26000.0,PE,0.0,0.0,0.0,1814.0,0.0
NIFTY,26-DEC-2028,27000.0,CE,1365.0,1400.0,1330.05,1400.0,390.0
NIFTY,26-DEC-2028,27000.0,PE,2200.0,2200.0,2150.0,2150.0,0.0
NIFTY,26-DEC-2028,28000.0,CE,1025.0,1080.0,1025.0,1060.0,130.0
NIFTY,26-DEC-2028,28500.0,CE,0.0,0.0,0.0,3608.65,0.0
NIFTY,26-DEC-2028,28500.0,PE,0.0,0.0,0.0,1451.15,0.0
NIFTY,26-DEC-2028,30000.0,CE,629.0,640.0,620.0,622.05,565.0
NIFTY,26-DEC-2028,30000.0,PE,0.0,0.0,0.0,3500.0,0.0
NIFTY,26-DEC-2028,31500.0,CE,0.0,0.0,0.0,405.0,0.0
NIFTY,26-DEC-2028,31500.0,PE,0.0,0.0,0.0,2673.4,0.0
NIFTY,26-DEC-2028,33000.0,CE,0.0,0.0,0.0,2477.5,0.0
NIFTY,26-DEC-2028,33000.0,PE,0.0,0.0,0.0,3315.4,0.0
NIFTY,27-JUN-2028,15000.0,CE,0.0,0.0,0.0,8633.05,0.0
NIFTY,27-JUN-2028,15000.0,PE,0.0,0.0,0.0,127.2,0.0
NIFTY,27-JUN-2028,16500.0,CE,0.0,0.0,0.0,11752.8,0.0
NIFTY,27-JUN-2028,16500.0,PE,0.0,0.0,0.0,3.8,0.0
NIFTY,27-JUN-2028,18000.0,CE,0.0,0.0,0.0,6809.35,0.0
NIFTY,27-JUN-2028,18000.0,PE,0.0,0.0,0.0,396.75,0.0
NIFTY,27-JUN-2028,19500.0,CE,0.0,0.0,0.0,9209.1,0.0
NIFTY,27-JUN-2028,19500.0,PE,0.0,0.0,0.0,40.05,0.0
NIFTY,27-JUN-2028,21000.0,CE,0.0,0.0,0.0,5226.55,0.0
NIFTY,27-JUN-2028,21000.0,PE,0.0,0.0,0.0,400.05,0.0
NIFTY,27-JUN-2028,22000.0,PE,650.0,650.0,650.0,650.0,0.0
NIFTY,27-JUN-2028,22500.0,CE,0.0,0.0,0.0,6796.05,0.0
NIFTY,27-JUN-2028,22500.0,PE,0.0,0.0,0.0,206.95,0.0
NIFTY,27-JUN-2028,24000.0,CE,0.0,0.0,0.0,3918.85,0.0
NIFTY,27-JUN-2028,24000.0,PE,0.0,0.0,0.0,680.05,0.0
NIFTY,27-JUN-2028,25500.0,CE,1225.0,1225.0,1225.0,1225.0,-195.0
NIFTY,27-JUN-2028,25500.0,PE,0.0,0.0,0.0,1034.0,0.0
NIFTY,27-JUN-2028,27000.0,CE,0.0,0.0,0.0,1935.0,0.0
NIFTY,27-JUN-2028,27000.0,PE,0.0,0.0,0.0,2752.35,0.0
NIFTY,27-JUN-2028,28500.0,CE,0.0,0.0,0.0,2990.0,0.0
NIFTY,27-JUN-2028,28500.0,PE,0.0,0.0,0.0,1560.85,0.0
NIFTY,27-JUN-2028,30000.0,CE,0.0,0.0,0.0,2278.45,0.0
NIFTY,27-JUN-2028,30000.0,PE,0.0,0.0,0.0,3779.25,0.0
NIFTY,27-JUN-2028,31500.0,CE,0.0,0.0,0.0,1784.8,0.0
NIFTY,27-JUN-2028,31500.0,PE,0.0,0.0,0.0,2935.6,0.0
NIFTY,27-JUN-2028,33000.0,CE,0.0,0.0,0.0,2004.15,0.0
NIFTY,27-JUN-2028,33000.0,PE,0.0,0.0,0.0,3707.8,0.0
NIFTY,24-DEC-2029,15000.0,CE,0.0,0.0,0.0,13369.45,0.0
NIFTY,24-DEC-2029,15000.0,PE,0.0,0.0,0.0,29.0,0.0
NIFTY,24-DEC-2029,16500.0,CE,0.0,0.0,0.0,12984.85,0.0
NIFTY,24-DEC-2029,16500.0,PE,0.0,0.0,0.0,10.15,0.0
NIFTY,24-DEC-2029,18000.0,CE,0.0,0.0,0.0,11362.4,0.0
NIFTY,24-DEC-2029,18000.0,PE,0.0,0.0,0.0,96.5,0.0
NIFTY,24-DEC-2029,19500.0,CE,0.0,0.0,0.0,10678.8,0.0
NIFTY,24-DEC-2029,19500.0,PE,0.0,0.0,0.0,61.2,0.0
NIFTY,24-DEC-2029,21000.0,CE,0.0,0.0,0.0,9463.95,0.0
NIFTY,24-DEC-2029,21000.0,PE,0.0,0.0,0.0,418.05,0.0
NIFTY,24-DEC-2029,22500.0,CE,0.0,0.0,0.0,8486.15,0.0
NIFTY,24-DEC-2029,22500.0,PE,0.0,0.0,0.0,225.7,0.0
NIFTY,24-DEC-2029,23000.0,PE,0.0,0.0,0.0,725.05,0.0
NIFTY,24-DEC-2029,24000.0,CE,5000.0,5000.0,5000.0,5000.0,0.0
NIFTY,24-DEC-2029,24000.0,PE,0.0,0.0,0.0,1133.0,0.0
NIFTY,24-DEC-2029,25000.0,PE,0.0,0.0,0.0,1560.1,0.0
NIFTY,24-DEC-2029,25500.0,CE,0.0,0.0,0.0,6500.6,0.0
NIFTY,24-DEC-2029,25500.0,PE,0.0,0.0,0.0,597.3,0.0
NIFTY,24-DEC-2029,26000.0,PE,0.0,0.0,0.0,1850.0,0.0
NIFTY,24-DEC-2029,27000.0,CE,2020.0,2150.0,2010.0,2150.0,130.0
NIFTY,24-DEC-2029,27000.0,PE,0.0,0.0,0.0,1177.9,0.0
NIFTY,24-DEC-2029,28500.0,CE,0.0,0.0,0.0,4802.1,0.0
NIFTY,24-DEC-2029,28500.0,PE,0.0,0.0,0.0,1255.9,0.0
NIFTY,24-DEC-2029,30000.0,CE,1355.05,1425.0,1355.05,1400.0,-65.0
NIFTY,24-DEC-2029,30000.0,PE,0.0,0.0,0.0,3220.0,0.0
NIFTY,24-DEC-2029,31500.0,CE,0.0,0.0,0.0,3429.3,0.0
NIFTY,24-DEC-2029,31500.0,PE,0.0,0.0,0.0,2240.25,0.0
NIFTY,24-DEC-2029,33000.0,CE,0.0,0.0,0.0,3816.05,0.0
NIFTY,24-DEC-2029,33000.0,PE,0.0,0.0,0.0,2953.7,0.0
NIFTY,26-JUN-2029,15000.0,CE,0.0,0.0,0.0,13671.85,0.0
NIFTY,26-JUN-2029,15000.0,PE,0.0,0.0,0.0,30.9,0.0
NIFTY,26-JUN-2029,16500.0,CE,0.0,0.0,0.0,12587.95,0.0
NIFTY,26-JUN-2029,16500.0,PE,0.0,0.0,0.0,8.1,0.0
NIFTY,26-JUN-2029,18000.0,CE,0.0,0.0,0.0,11678.65,0.0
NIFTY,26-JUN-2029,18000.0,PE,0.0,0.0,0.0,118.45,0.0
NIFTY,26-JUN-2029,19500.0,CE,0.0,0.0,0.0,10206.95,0.0
NIFTY,26-JUN-2029,19500.0,PE,0.0,0.0,0.0,56.0,0.0
NIFTY,26-JUN-2029,21000.0,CE,0.0,0.0,0.0,9799.75,0.0
NIFTY,26-JUN-2029,21000.0,PE,0.0,0.0,0.0,320.25,0.0
NIFTY,26-JUN-2029,22500.0,CE,0.0,0.0,0.0,7946.5,0.0
NIFTY,26-JUN-2029,22500.0,PE,0.0,0.0,0.0,224.45,0.0
NIFTY,26-JUN-2029,24000.0,CE,0.0,0.0,0.0,8085.35,0.0
NIFTY,26-JUN-2029,24000.0,PE,0.0,0.0,0.0,850.0,0.0
NIFTY,26-JUN-2029,25500.0,CE,0.0,0.0,0.0,5917.35,0.0
NIFTY,26-JUN-2029,25500.0,PE,0.0,0.0,0.0,624.25,0.0
NIFTY,26-JUN-2029,26000.0,PE,0.0,0.0,0.0,1650.0,0.0
NIFTY,26-JUN-2029,27000.0,CE,0.0,0.0,0.0,6570.4,0.0
NIFTY,26-JUN-2029,27000.0,PE,0.0,0.0,0.0,1252.35,0.0
NIFTY,26-JUN-2029,28500.0,CE,0.0,0.0,0.0,4213.3,0.0
NIFTY,26-JUN-2029,28500.0,PE,0.0,0.0,0.0,1349.1,0.0
NIFTY,26-JUN-2029,30000.0,CE,0.0,0.0,0.0,5268.4,0.0
NIFTY,26-JUN-2029,30000.0,PE,0.0,0.0,0.0,2031.05,0.0
NIFTY,26-JUN-2029,31500.0,CE,0.0,0.0,0.0,2878.65,0.0
NIFTY,26-JUN-2029,31500.0,PE,0.0,0.0,0.0,2443.35,0.0
NIFTY,26-JUN-2029,33000.0,CE,0.0,0.0,0.0,4179.45,0.0
NIFTY,26-JUN-2029,33000.0,PE,0.0,0.0,0.0,3022.85,0.0
NIFTY,31-DEC-2030,15000.0,CE,0.0,0.0,0.0,14862.95,0.0
NIFTY,31-DEC-2030,15000.0,PE,0.0,0.0,0.0,4.95,0.0
NIFTY,31-DEC-2030,16500.0,CE,0.0,0.0,0.0,13763.55,0.0
NIFTY,31-DEC-2030,16500.0,PE,0.0,0.0,0.0,13.65,0.0
NIFTY,31-DEC-2030,18000.0,CE,0.0,0.0,0.0,12674.15,0.0
NIFTY,31-DEC-2030,18000.0,PE,0.0,0.0,0.0,32.3,0.0
NIFTY,31-DEC-2030,19500.0,CE,0.0,0.0,0.0,11601.15,0.0
NIFTY,31-DEC-2030,19500.0,PE,0.0,0.0,0.0,67.4,0.0
NIFTY,31-DEC-2030,21000.0,CE,0.0,0.0,0.0,10552.5,0.0
NIFTY,31-DEC-2030,21000.0,PE,0.0,0.0,0.0,450.0,0.0
NIFTY,31-DEC-2030,22500.0,CE,0.0,0.0,0.0,9536.95,0.0
NIFTY,31-DEC-2030,22500.0,PE,0.0,0.0,0.0,219.35,0.0
NIFTY,31-DEC-2030,24000.0,CE,0.0,0.0,0.0,8563.3,0.0
NIFTY,31-DEC-2030,24000.0,PE,0.0,0.0,0.0,1000.0,0.0
NIFTY,31-DEC-2030,25500.0,CE,0.0,0.0,0.0,7639.65,0.0
NIFTY,31-DEC-2030,25500.0,PE,0.0,0.0,0.0,538.25,0.0
NIFTY,31-DEC-2030,27000.0,CE,0.0,0.0,0.0,6772.8,0.0
NIFTY,31-DEC-2030,27000.0,PE,0.0,0.0,0.0,779.5,0.0
NIFTY,31-DEC-2030,28500.0,CE,0.0,0.0,0.0,5968.3,0.0
NIFTY,31-DEC-2030,28500.0,PE,0.0,0.0,0.0,1083.1,0.0
NIFTY,31-DEC-2030,30000.0,CE,0.0,0.0,0.0,5227.2,0.0
NIFTY,31-DEC-2030,30000.0,PE,0.0,0.0,0.0,1450.1,0.0
NIFTY,31-DEC-2030,31500.0,CE,0.0,0.0,0.0,4554.55,0.0
NIFTY,31-DEC-2030,31500.0,PE,0.0,0.0,0.0,1885.5,0.0
NIFTY,31-DEC-2030,33000.0,CE,0.0,0.0,0.0,3948.25,0.0
NIFTY,31-DEC-2030,33000.0,PE,0.0,0.0,0.0,2387.3,0.0
NIFTY,25-JUN-2030,15000.0,CE,0.0,0.0,0.0,14543.9,0.0
NIFTY,25-JUN-2030,15000.0,PE,0.0,0.0,0.0,29.65,0.0
NIFTY,25-JUN-2030,16500.0,CE,0.0,0.0,0.0,13374.05,0.0
NIFTY,25-JUN-2030,16500.0,PE,0.0,0.0,0.0,12.0,0.0
NIFTY,25-JUN-2030,18000.0,CE,0.0,0.0,0.0,12423.9,0.0
NIFTY,25-JUN-2030,18000.0,PE,0.0,0.0,0.0,116.65,0.0
NIFTY,25-JUN-2030,19500.0,CE,0.0,0.0,0.0,11140.25,0.0
NIFTY,25-JUN-2030,19500.0,PE,0.0,0.0,0.0,64.95,0.0
NIFTY,25-JUN-2030,21000.0,CE,0.0,0.0,0.0,10421.65,0.0
NIFTY,25-JUN-2030,21000.0,PE,0.0,0.0,0.0,220.0,0.0
NIFTY,25-JUN-2030,22500.0,CE,0.0,0.0,0.0,9012.4,0.0
NIFTY,25-JUN-2030,22500.0,PE,0.0,0.0,0.0,223.75,0.0
NIFTY,25-JUN-2030,24000.0,CE,0.0,0.0,0.0,8591.55,0.0
NIFTY,25-JUN-2030,24000.0,PE,0.0,0.0,0.0,698.15,0.0
NIFTY,25-JUN-2030,25500.0,CE,0.0,0.0,0.0,7070.45,0.0
NIFTY,25-JUN-2030,25500.0,PE,0.0,0.0,0.0,568.55,0.0
NIFTY,25-JUN-2030,27000.0,CE,0.0,0.0,0.0,6972.5,0.0
NIFTY,25-JUN-2030,27000.0,PE,0.0,0.0,0.0,1286.05,0.0
NIFTY,25-JUN-2030,28500.0,CE,0.0,0.0,0.0,5382.85,0.0
NIFTY,25-JUN-2030,28500.0,PE,0.0,0.0,0.0,1167.6,0.0
NIFTY,25-JUN-2030,30000.0,CE,0.0,0.0,0.0,5580.35,0.0
NIFTY,25-JUN-2030,30000.0,PE,0.0,0.0,0.0,2100.85,0.0
NIFTY,25-JUN-2030,31500.0,CE,0.0,0.0,0.0,3984.8,0.0
NIFTY,25-JUN-2030,31500.0,PE,0.0,0.0,0.0,2056.3,0.0
NIFTY,25-JUN-2030,33000.0,CE,0.0,0.0,0.0,4416.45,0.0
NIFTY,25-JUN-2030,33000.0,PE,0.0,0.0,0.0,3143.9,0.0
NIFTY,24-JUN-2031,15000.0,CE,0.0,0.0,0.0,12902.2,0.0
NIFTY,24-JUN-2031,15000.0,PE,0.0,0.0,0.0,47.5,0.0
NIFTY,24-JUN-2031,16500.0,CE,0.0,0.0,0.0,11849.25,0.0
NIFTY,24-JUN-2031,16500.0,PE,0.0,0.0,0.0,95.65,0.0
NIFTY,24-JUN-2031,18000.0,CE,0.0,0.0,0.0,10825.95,0.0
NIFTY,24-JUN-2031,18000.0,PE,0.0,0.0,0.0,173.45,0.0
NIFTY,24-JUN-2031,19500.0,CE,0.0,0.0,0.0,9840.6,0.0
NIFTY,24-JUN-2031,19500.0,PE,0.0,0.0,0.0,289.2,0.0
NIFTY,24-JUN-2031,21000.0,CE,0.0,0.0,0.0,8900.75,0.0
NIFTY,24-JUN-2031,21000.0,PE,0.0,0.0,0.0,450.5,0.0
NIFTY,24-JUN-2031,22500.0,CE,0.0,0.0,0.0,8012.75,0.0
NIFTY,24-JUN-2031,22500.0,PE,0.0,0.0,0.0,663.6,0.0
NIFTY,24-JUN-2031,24000.0,CE,0.0,0.0,0.0,7181.9,0.0
NIFTY,24-JUN-2031,24000.0,PE,0.0,0.0,0.0,933.85,0.0
NIFTY,24-JUN-2031,25500.0,CE,0.0,0.0,0.0,6409.8,0.0
NIFTY,24-JUN-2031,25500.0,PE,0.0,0.0,0.0,1262.85,0.0
NIFTY,24-JUN-2031,27000.0,CE,0.0,0.0,0.0,5699.0,0.0
NIFTY,24-JUN-2031,27000.0,PE,0.0,0.0,0.0,1653.15,0.0
NIFTY,24-JUN-2031,28500.0,CE,0.0,0.0,0.0,5048.95,0.0
NIFTY,24-JUN-2031,28500.0,PE,0.0,0.0,0.0,2104.2,0.0
NIFTY,24-JUN-2031,30000.0,CE,0.0,0.0,0.0,4459.9,0.0
NIFTY,24-JUN-2031,30000.0,PE,0.0,0.0,0.0,2616.25,0.0
NIFTY,24-JUN-2031,31500.0,CE,0.0,0.0,0.0,3928.35,0.0
NIFTY,24-JUN-2031,31500.0,PE,0.0,0.0,0.0,3185.85,0.0
NIFTY,24-JUN-2031,33000.0,CE,0.0,0.0,0.0,3451.55,0.0
NIFTY,24-JUN-2031,33000.0,PE,0.0,0.0,0.0,3810.15,0.0
